-- phpMyAdmin SQL Dump
-- version 5.1.0
-- https://www.phpmyadmin.net/
--
-- Host: 127.0.0.1
-- 생성 시간: 21-11-09 12:31
-- 서버 버전: 10.4.18-MariaDB
-- PHP 버전: 7.3.27

SET SQL_MODE = "NO_AUTO_VALUE_ON_ZERO";
START TRANSACTION;
SET time_zone = "+00:00";


/*!40101 SET @OLD_CHARACTER_SET_CLIENT=@@CHARACTER_SET_CLIENT */;
/*!40101 SET @OLD_CHARACTER_SET_RESULTS=@@CHARACTER_SET_RESULTS */;
/*!40101 SET @OLD_COLLATION_CONNECTION=@@COLLATION_CONNECTION */;
/*!40101 SET NAMES utf8mb4 */;

--
-- 데이터베이스: `ashram7`
--

-- --------------------------------------------------------

--
-- 테이블 구조 `board`
--

CREATE TABLE `board` (
  `num` int(11) NOT NULL,
  `id` char(15) NOT NULL,
  `name` char(10) NOT NULL,
  `subject` char(200) NOT NULL,
  `content` text NOT NULL,
  `regist_day` char(20) NOT NULL,
  `hit` int(11) NOT NULL,
  `file_name` char(40) DEFAULT NULL,
  `file_type` char(40) DEFAULT NULL,
  `file_copied` char(40) DEFAULT NULL
) ENGINE=InnoDB DEFAULT CHARSET=utf8mb4;

--
-- 테이블의 덤프 데이터 `board`
--

INSERT INTO `board` (`num`, `id`, `name`, `subject`, `content`, `regist_day`, `hit`, `file_name`, `file_type`, `file_copied`) VALUES
(1, 'alieen', '김혜련', '굴림만두와 우동', '\r\n[ 굴림만두 ]\r\n\r\n \r\n\r\n- 주재료\r\n\r\n전분가루(100g), 부추(50g), 대파(40g), 표고버섯(30g), 다진 삼겹살(150g), 다진 생강(1T), 달걀흰자(2개)\r\n\r\n \r\n\r\n-양념 재료\r\n\r\n물(2T), 식용유(2T), 후춧가루(약간), 진간장(1T), 참기름(1t), 굴소스(1T), 청주(1T)\r\n\r\n \r\n\r\n---------------------------------------------------------------------------\r\n\r\n1. 볼에 다진 삼겹살(150g), 다진 생강(1T) 넣기\r\n\r\n2. 대파(40g) 반 갈라 다진 뒤 볼에 넣기\r\n\r\n3. 부추(50g), 표고버섯(30g) 다진 뒤 볼에 넣기\r\n\r\n4. 볼에 식용유(2T), 물(2T), 청주(1T), 진간장(1T), 굴소스(1T), 참기름(1t), 후춧가루(약간) 넣어 반죽 만들기\r\n\r\n5. 동그랗게 만두 빚어 달걀흰자(2개), 전분가루(100g) 묻힌 뒤 털어 내기\r\n\r\n6. 찜기에 만두 넣고 뚜껑 덮어 7분 정도 찌기\r\n\r\n7. 그릇에 굴림만두 담기\r\n\r\n---------------------------------------------------------------------------\r\n\r\n \r\n\r\n[ 우동 ]\r\n\r\n \r\n\r\n- 주재료\r\n\r\n우동 면(180g), 청경채(55g), 양송이버섯(25g), 목이버섯(20g), 죽순(100g), 표고버섯(30g), 오징어(160g), 칵테일 새우(중/50g), 키조개관자(70g), 물(2½컵/500ml)\r\n\r\n \r\n\r\n-양념 재료\r\n\r\n다진 마늘(½T), 진간장(½T), 후춧가루(약간), 청주(1T), 치킨 파우더(1T), 참기름(1t)\r\n\r\n---------------------------------------------------------------------------\r\n\r\n1. 표고버섯(30g) 큼직하게 썰기\r\n\r\n2. 청경채(55g) 큼직하게 썰기\r\n\r\n3. 양송이버섯(25g) 2등분하고 불린 목이버섯(20g) 한입 크기로 썰기\r\n\r\n4. 죽순(100g) 가운데 부분 제거한 뒤 편 썰기\r\n\r\n5. 새우(50g) 등에 칼집 내기\r\n\r\n6. 키조개관자(70g) 흰 부분 제거한 뒤 얇게 편 썰기\r\n\r\n7. 오징어(160g) 껍질 벗긴 뒤 열십자로 칼집 넣어 한입 크기로 썰기\r\n\r\n8. 끓는 물에 중화 면(180g) 넣고 끓어오르면 찬물 넣어 가며 2분 정도 익히기\r\n\r\n9. 삶은 중화면 찬물에 넣어 씻기\r\n\r\n10. 끓는 물에 손질한 재료 넣어 데친 뒤 체에 걸러 내기\r\n\r\n11. 끓는 물(2½컵/500ml)에 다진 마늘(½T) 넣기\r\n\r\n12. 진간장(½T), 청주(1T), 치킨 파우더(1T), 후춧가루(약간), 데친 재료 넣어 끓이기\r\n\r\n13. 그릇에 중화 면 담은 뒤 국물 넣어 토렴하기\r\n\r\n14. 국물에 참기름(1t) 두르기\r\n\r\n15. 그릇에 국물 담기\r\n\r\n---------------------------------------------------------------------------', '2021-11-09 (11:29)', 0, '2019_01_23_07_29_41.jpg', 'image/jpeg', '2021_11_09_11_29_22.jpg'),
(2, 'alieen', '김혜련', '볶음짬뽕과 달걀탕', '[ 볶음짬뽕 ]\r\n\r\n \r\n\r\n- 주재료\r\n\r\n중화 면(180g), 청경채(40g), 표고버섯(70g), 양송이버섯(30g), 느타리버섯(50g), 대파(45g), 양파(60g), 바지락(75g), 오징어(140g), 칵테일 새우(중/50g), 브로콜리(40g)\r\n\r\n \r\n\r\n-양념 재료\r\n\r\n마늘(8g), 생강(약간), 고춧가루(1T), 식용유(2T), 물(1컵/200ml), 청주(1T), 굴소스(1T), 참기름(1t), 진간장(1T), 후춧가루(약간)\r\n\r\n \r\n\r\n---------------------------------------------------------------------------\r\n\r\n1. 양파(60g) 채 썰고 브로콜리(40g) 밑동 제거한 뒤 한입 크기로 썰기\r\n\r\n2. 양송이버섯(30g) 2등분하고 표고버섯(70g) 먹기 좋게 썰기\r\n\r\n3. 청경채(40g) 밑동 제거한 뒤 어슷하게 채썰기\r\n\r\n4. 느타리버섯(50g) 결대로 찢기\r\n\r\n5. 대파(45g) 길게 반 갈라 3등분하기\r\n\r\n6. 마늘(8g), 생강(약간) 편 썰기\r\n\r\n7. 칵테일 새우(중/50g) 등쪽에 칼집 내기\r\n\r\n8. 오징어(140g) 껍질 제거한 뒤 한입 크기로 썰기\r\n\r\n9. 끓는 물에 중화 면(180g) 넣고 끓어오르면 3번 정도 찬물 넣어 익히기\r\n\r\n10. 중화 면 체로 걸러 내 찬물에 비벼 가며 헹구기\r\n\r\n11. 달군 웍에 식용유(2T) 두른 뒤 대파, 생강, 마늘 넣고 볶기\r\n\r\n12. 진간장(1T), 청주(1T), 손질한 채소 넣고 센 불에 볶다가 고춧가루(1T) 넣고 볶기\r\n\r\n13. 오징어, 칵테일 새우 넣고 볶다가 바지락(75g) 넣고 볶기\r\n\r\n14. 물(½컵/100ml) 넣고 볶기\r\n\r\n15. 새우가 익으면 남은 물(½컵/100ml), 중화 면 넣어 볶기\r\n\r\n16. 굴소스(1T), 후춧가루(약간) 넣고 볶기\r\n\r\n17. 참기름(1t) 두르기\r\n\r\n18. 그릇에 볶음짬뽕 담기\r\n\r\n---------------------------------------------------------------------------\r\n\r\n \r\n\r\n[ 달걀탕 ]\r\n\r\n \r\n\r\n-주재료\r\n\r\n죽순(100g), 달걀(1개), 표고버섯(35g), 청경채(40g), 대파(25g)\r\n\r\n \r\n\r\n-양념 재료\r\n\r\n물(2컵/400ml), 전분물(3T), 치킨 파우더(½T), 진간장(½T), 참기름(1t), 후춧가루(약간), 청주(1T)\r\n\r\n---------------------------------------------------------------------------\r\n\r\n1. 죽순(100g), 표고버섯(35g) 채썰기\r\n\r\n2. 청경채(40g) 밑동 제거한 뒤 채썰기\r\n\r\n3. 대파(25g) 반 가른 뒤 얇게 썰기\r\n\r\n4. 물(2컵/400ml) 담긴 웍에 청주(1T), 진간장(½T), 치킨 파우더(½T), 후춧가루(약간), 죽순, 표고버섯, 청경채 넣어 끓이기\r\n\r\n5. 전분물(3T) 절반 넣고 섞어 가며 끓인 뒤 남은 전분물 넣고 끓이기\r\n\r\n6. 달갈물 둘러 넣은 뒤 섞기\r\n\r\n7. 거품 걷어 내기\r\n\r\n8. 그릇에 달걀탕 담은 뒤 대파, 참기름(1t) 곁들이기\r\n\r\n---------------------------------------------------------------------------', '2021-11-09 (11:30)', 0, '2019_01_23_07_29_41.jpg', 'image/jpeg', '2021_11_09_11_30_49.jpg'),
(3, 'alieen', '김혜련', '무조림과 바지락볶음과 미나리볶음', '\r\n[ 무조림 ]\r\n\r\n \r\n\r\n- 주재료\r\n\r\n무(580g), 삼겹살(100g), 다진 마늘(1T)\r\n\r\n \r\n\r\n-양념 재료\r\n\r\n고추기름(3T), 진간장(1T), 물(1컵/200ml), 청주(1T), 굴소스(1T)\r\n\r\n--------------------------------------------------------------------------\r\n\r\n1. 무(580g) 깍둑썰기\r\n\r\n2. 삼겹살(100g) 잘게 썰기\r\n\r\n3. 끓는 물에 무 10분 정도 삶은 뒤 체에 밭쳐 걸러 내기\r\n\r\n4. 팬에 고추기름(3T) 두른 뒤 삼겹살, 다진 마늘(1T) 넣고 20초 정도 볶기\r\n\r\n5. 청주(1T), 진간장(1T) 넣고 볶다가 삶은 무 넣고 볶기\r\n\r\n6. 물(1컵/200ml), 굴소스(1T) 넣고 뚜껑 덮어 20~30분 정도 조리기\r\n\r\n7. 그릇에 무조림 담기\r\n\r\n---------------------------------------------------------------------------\r\n\r\n \r\n\r\n[ 바지락볶음 ]\r\n\r\n \r\n\r\n- 주재료\r\n\r\n바지락(680g), 홍고추(1개), 청양고추(1개), 마늘(8g), 생강(약간)\r\n\r\n \r\n\r\n-양념재료\r\n\r\n식용유(2T), 청주(1T), 진간장(1T) , 굴소스(1T), 후춧가루(약간)\r\n\r\n---------------------------------------------------------------------------\r\n\r\n1. 홍고추(1개), 청양고추(1개) 송송 썰기\r\n\r\n2. 마늘(8g), 생강(약간) 칼로 눌러 으깬 뒤 다지기\r\n\r\n3. 끓는 물에 바지락(680g) 데친 뒤 체에 밭쳐 걸러 내기\r\n\r\n4. 웍에 식용유(2T) 두른 뒤 마늘, 생강 볶다가 불 줄이고 청주(1T), 진간장(1T), 굴소스(1T), 바지락 넣고 볶기\r\n\r\n5. 홍고추, 청양고추 넣어 볶기\r\n\r\n6. 후춧가루(약간) 넣고 볶기\r\n\r\n7. 그릇에 바지락볶음 담기\r\n\r\n---------------------------------------------------------------------------\r\n\r\n \r\n\r\n[ 미나리볶음 ]\r\n\r\n \r\n\r\n- 주재료\r\n\r\n미나리(250g), 식용유(1T), 홍고추(1개), 풋고추(1개), 마늘(8g)\r\n\r\n \r\n\r\n-양념재료\r\n\r\n식용유(2T), 청주(1T), 굴소스(1T), 진간장(1T), 참기름(1t)\r\n\r\n \r\n\r\n---------------------------------------------------------------------------\r\n\r\n1. 미나리(250g) 줄기 부분 먹기 좋게 썰기\r\n\r\n2. 홍고추(1개), 풋고추(1개) 꼭지 제거한 뒤 송송 썰기\r\n\r\n3. 마늘(8g) 칼로 눌러 으깬 뒤 다지기\r\n\r\n4. 끓는 물에 미나리 데친 뒤 체에 밭쳐 걸러 내기\r\n\r\n5. 웍에 식용유(2T) 두른 뒤 마늘, 홍고추, 풋고추 넣어 볶기\r\n\r\n6. 청주(1T), 진간장(½T), 굴소스(½T), 데친 미나리 넣어 볶기\r\n\r\n7. 참기름(1t) 넣고 볶기\r\n\r\n8. 그릇에 미나리볶음 담기\r\n\r\n---------------------------------------------------------------------------', '2021-11-09 (11:31)', 0, '2019_01_23_07_29_41.jpg', 'image/jpeg', '2021_11_09_11_31_20.jpg'),
(4, 'alieen', '김혜련', '채소볶음밥과 아스파라거스닭고기볶음', '[ 채소볶음밥 ]\r\n\r\n-주재료\r\n\r\n대파(90g), 밥(210g), 양상추(70g), 달걀(2개), 마늘 플레이크(1T), 표고버섯(25g)\r\n\r\n \r\n\r\n-양념 재료\r\n\r\n식용유(3T), 치킨파우더(½T), 참기름(½t)\r\n\r\n---------------------------------------------------------------------------\r\n\r\n1. 대파(100g) 길게 반 갈라 다지기\r\n\r\n2. 표고버섯(25g) 편 썰기\r\n\r\n3. 양상추(70g) 채썰기\r\n\r\n4. 달걀(2개) 풀기\r\n\r\n5. 달군 팬에 식용유(3T) 두른 뒤 달걀물 넣고 섞어 가며 볶기\r\n\r\n6. 대파, 표고버섯 넣어 볶기\r\n\r\n7. 밥(210g) 넣고 밥알을 풀어 가며 볶기\r\n\r\n8. 치킨 파우더(½T) 넣고 볶기\r\n\r\n9. 양상추 넣고 볶다가 참기름(½t) 넣어 볶기\r\n\r\n10. 그릇에 채소볶음밥 담은 뒤 마늘 플레이크(1T) 올리기\r\n\r\n---------------------------------------------------------------------------\r\n\r\n \r\n\r\n[ 아스파라거스닭고기볶음 ]\r\n\r\n \r\n\r\n-주재료\r\n\r\n아스파라거스(200g), 대파(50g), 닭 가슴살(300g), 마늘(8g), 달갼흰자(½개), 식용유(1T), 생강(약간), 감자전분(½T)\r\n\r\n \r\n\r\n-양념재료\r\n\r\n식용유(2T), 치킨 파우더(1t), 참기름(1t), 청주(1T), 굴소스(½T)\r\n\r\n \r\n\r\n---------------------------------------------------------------------------\r\n\r\n1. 아스파라거스(200g) 밑동 제거하고 껍질 벗긴 뒤 어슷썰기\r\n\r\n2. 대파(50g) 길게 반 갈라 겉껍질 제거한 뒤 먹기 좋게 썰기\r\n\r\n3. 생강(약간), 마늘(8g) 편 썰기\r\n\r\n4. 닭 가슴살(300g) 얇게 포 뜬 뒤 달걀흰자(½개), 감자전분(½T) 넣어 버무리기\r\n\r\n5. 끓는 물에 식용유(1T) 넣고 아스파라거스 데친 뒤 체로 걸러 내기\r\n\r\n6. 끓는 물에 닭 가슴살 한 개씩 넣어 20초 정도 데친 뒤 체로 걸러 내기\r\n\r\n7. 웍에 식용유(2T) 두르고 대파, 생강, 마늘 넣어 볶기\r\n\r\n8. 청주(1T), 아스파라거스 넣고 볶기\r\n\r\n9. 굴소스(½T), 치킨 파우더(1t) 넣고 볶기\r\n\r\n10. 닭 가슴살 넣고 볶기\r\n\r\n11. 참기름(1t) 넣고 볶기\r\n\r\n12. 그릇에 아스파라거스닭고기볶음 담기\r\n\r\n---------------------------------------------------------------------------', '2021-11-09 (11:32)', 0, '2021_11_09_11_31_20.jpg', 'image/jpeg', '2021_11_09_11_32_01.jpg'),
(5, 'alieen', '김혜련', '청경채두부탕과 삼겹살가지볶음과 콩나물볶음', '[ 청경채두부탕 ]\r\n\r\n \r\n\r\n-주재료\r\n\r\n청경채(130g), 두부(150g), 표고버섯(50g)\r\n\r\n \r\n\r\n-양념 재료\r\n\r\n식용유(1T), 물(2½컵/500ml), 치킨 파우더(½T), 진간장(½T), 청주(1T), 참기름(1t)\r\n\r\n---------------------------------------------------------------------------\r\n\r\n1. 표고버섯(50g) 두툼하게 썰기\r\n\r\n2. 청경채(130g) 4~6등분 하기\r\n\r\n3. 두부(150g) 먹기 좋은 크기로 썰기\r\n\r\n4. 끓는 물(2½컵/500ml)에 두부, 표고버섯 넣기\r\n\r\n5. 청주(1T), 진간장(½T), 치킨 파우더(½T) 넣고 끓이기\r\n\r\n6. 한소끔 끓으면 청경채 넣어 끓이기\r\n\r\n7. 참기름(1t) 넣어 한소끔 끓이기\r\n\r\n8. 그릇에 청경채두부탕 담기\r\n\r\n---------------------------------------------------------------------------\r\n\r\n \r\n\r\n[ 삽겸살가지볶음 ]\r\n\r\n \r\n\r\n-주재료\r\n\r\n대패삼겹살(150g), 가지(150g), 마늘(8g)\r\n\r\n \r\n\r\n-양념재료\r\n\r\n식용유(3T), 청주(1T), 진간장(1T), 굴소스(1T), 물(½컵/100ml)\r\n\r\n---------------------------------------------------------------------------\r\n\r\n1. 가지(150g) 한입 크기로 썰기\r\n\r\n2. 마늘(8g) 칼로 눌러 으깬 뒤 다지기\r\n\r\n3. 대패삼겹살(150g) 먹기 좋은 크기로 썰기\r\n\r\n4. 예열된 기름에 가지 넣어 20초 정도 익힌 뒤 체에 밭쳐 걸러 내기\r\n\r\n5. 웍에 식용유(3T) 두른 뒤 대패삼겹살, 다진 마늘 넣어 볶기\r\n\r\n6. 청주(1T), 진간장(1T) 넣어 볶다가 가지 넣기\r\n\r\n7. 물(½컵/100ml) 붓고 조리기\r\n\r\n8. 굴소스(1T) 넣고 볶기\r\n\r\n9. 그릇에 삼겹살가지볶음 담기\r\n\r\n---------------------------------------------------------------------------\r\n\r\n[ 콩나물볶음 ]\r\n\r\n \r\n\r\n-주재료\r\n\r\n다진 돼지고기(80g), 콩나물(380g), 마늘(8g)\r\n\r\n \r\n\r\n-양념재료\r\n\r\n고추기름(3T), 두반장(½T), 굴소스(1T), 청주(1T), 진간장(½T), 참기름(½t)\r\n\r\n---------------------------------------------------------------------------\r\n\r\n1. 달군 팬에 고추기름(3T) 두른 뒤 다진 돼지고기(80g), 다진 마늘(1T) 넣고 볶기\r\n\r\n2. 두반장(½T), 청주(1T), 진간장(½T) 넣고 볶기\r\n\r\n3. 콩나물(380g) 넣고 볶기\r\n\r\n4. 굴소스(1T) 넣고 볶기\r\n\r\n5. 참기름(½t) 넣고 볶기\r\n\r\n6. 그릇에 콩나물볶음 담기\r\n\r\n---------------------------------------------------------------------------', '2021-11-09 (11:32)', 0, '2019_01_23_07_29_41.jpg', 'image/jpeg', '2021_11_09_11_32_31.jpg'),
(6, 'alieen', '김혜련', '간장닭조림과 닭고기볶음밥', '\r\n[ 간장닭조림 ]\r\n\r\n \r\n\r\n- 주재료\r\n\r\n닭봉과 닭 날개(1kg), 양파(140g), 홍고추(1개), 청양고추(3개), 전분 가루(5T), 참기름(1T), 식용유(1T), 소금(½t), 후춧가루(약간)\r\n\r\n \r\n\r\n양념 재료\r\n\r\n맛술(½컵/100ml), 올리고당(2T), 매실청(3T), 다진 마늘(2T), 진간장(5T), 굴소스(1T), 비정제 설탕(3T), 후춧가루(약간)\r\n\r\n \r\n\r\n---------------------------------------------------------------------------\r\n\r\n1. 닭고기(닭봉, 닭 날개/1kg)에 소금(½t), 후춧가루(약간) 뿌려 밑간한 뒤 15분 정도 재우기\r\n\r\n2. 양파(140g) 2등분한 뒤 채썰기\r\n\r\n3. 홍고추(1개) 꼭지 제거한 뒤 송송 썰기\r\n\r\n4. 청양고추(3개) 꼭지 제거한 뒤 길게 반 갈라 다지기\r\n\r\n5. 맛술(½컵/100ml), 진간장(5T), 비정제 설탕(3T), 다진 마늘(2T), 매실청(3T), 올리고당(2T), 굴소스(1T), 후춧가루(약간) 섞어 양념 만들기\r\n\r\n6. 비닐봉지에 닭고기, 전분가루(5T) 넣어 흔들기\r\n\r\n7. 달군 팬에 식용유(1T), 참기름(1T) 두르고 닭고기 앞뒤로 굽기\r\n\r\n8. 구운 닭고기 꺼내 기름 빼기\r\n\r\n9. 웍에 양념 끓이기\r\n\r\n10. 양념 끓으면 닭고기 넣고 뚜껑 덮어 25분 정도 조리기\r\n\r\n11. 손질한 채소 넣고 볶기\r\n\r\n12. 그릇에 간장닭조림 담기\r\n\r\n---------------------------------------------------------------------------\r\n\r\n \r\n\r\n[ 닭고기볶음밥 ]\r\n\r\n \r\n\r\n- 주재료\r\n\r\n쪽파(40g), 밥(420g), 삶은 닭 가슴살(270g), 달걀물(3개), 참기름(1T), 식용유(1T)\r\n\r\n \r\n\r\n-양념 재료\r\n\r\n버터(3T), 진간장(2T), 굴소스(1T), 올리고당(1T), 다진 마늘(3T), 설탕(½T), 매실청(1T)\r\n\r\n---------------------------------------------------------------------------\r\n\r\n1. 삶은 닭 가슴살(270g) 먹기 좋게 썰기\r\n\r\n2. 쪽파(40g) 송송 썰기\r\n\r\n3. 밥(420g)에 참기름(1T) 넣어 양념하기\r\n\r\n4. 달군 웍에 식용유(1T) 두르고 달걀물(3개) 넣어 스크램블드에그 만들기\r\n\r\n5. 달군 웍에 버터(3T), 다진 마늘(3T) 넣고 볶기\r\n\r\n6. 버터 녹으면 불 끄고 진간장(2T), 굴소스(1T), 올리고당(1T), 매실청(1T), 설탕(½T) 넣어 섞기\r\n\r\n7. 소스 끓인 뒤 덜어 내기\r\n\r\n8. 웍에 소스(3T), 닭 가슴살 넣어 볶기\r\n\r\n9. 밥 넣고 볶다가 남은 소스 넣기\r\n\r\n10. 쪽파 넣어 볶기\r\n\r\n11. 그릇에 닭고기볶음밥 담은 뒤 스크램블드에그 올리기\r\n\r\n---------------------------------------------------------------------------', '2021-11-09 (11:33)', 0, '2019_01_23_07_29_41.jpg', 'image/jpeg', '2021_11_09_11_33_54.jpg'),
(7, 'alieen', '김혜련', '청경채두부탕과 삼겹살가지볶음과 콩나물볶음', '[ 청경채두부탕 ]\r\n\r\n \r\n\r\n-주재료\r\n\r\n청경채(130g), 두부(150g), 표고버섯(50g)\r\n\r\n \r\n\r\n-양념 재료\r\n\r\n식용유(1T), 물(2½컵/500ml), 치킨 파우더(½T), 진간장(½T), 청주(1T), 참기름(1t)\r\n\r\n---------------------------------------------------------------------------\r\n\r\n1. 표고버섯(50g) 두툼하게 썰기\r\n\r\n2. 청경채(130g) 4~6등분 하기\r\n\r\n3. 두부(150g) 먹기 좋은 크기로 썰기\r\n\r\n4. 끓는 물(2½컵/500ml)에 두부, 표고버섯 넣기\r\n\r\n5. 청주(1T), 진간장(½T), 치킨 파우더(½T) 넣고 끓이기\r\n\r\n6. 한소끔 끓으면 청경채 넣어 끓이기\r\n\r\n7. 참기름(1t) 넣어 한소끔 끓이기\r\n\r\n8. 그릇에 청경채두부탕 담기\r\n\r\n---------------------------------------------------------------------------\r\n\r\n \r\n\r\n[ 삽겸살가지볶음 ]\r\n\r\n \r\n\r\n-주재료\r\n\r\n대패삼겹살(150g), 가지(150g), 마늘(8g)\r\n\r\n \r\n\r\n-양념재료\r\n\r\n식용유(3T), 청주(1T), 진간장(1T), 굴소스(1T), 물(½컵/100ml)\r\n\r\n---------------------------------------------------------------------------\r\n\r\n1. 가지(150g) 한입 크기로 썰기\r\n\r\n2. 마늘(8g) 칼로 눌러 으깬 뒤 다지기\r\n\r\n3. 대패삼겹살(150g) 먹기 좋은 크기로 썰기\r\n\r\n4. 예열된 기름에 가지 넣어 20초 정도 익힌 뒤 체에 밭쳐 걸러 내기\r\n\r\n5. 웍에 식용유(3T) 두른 뒤 대패삼겹살, 다진 마늘 넣어 볶기\r\n\r\n6. 청주(1T), 진간장(1T) 넣어 볶다가 가지 넣기\r\n\r\n7. 물(½컵/100ml) 붓고 조리기\r\n\r\n8. 굴소스(1T) 넣고 볶기\r\n\r\n9. 그릇에 삼겹살가지볶음 담기\r\n\r\n---------------------------------------------------------------------------\r\n\r\n[ 콩나물볶음 ]\r\n\r\n \r\n\r\n-주재료\r\n\r\n다진 돼지고기(80g), 콩나물(380g), 마늘(8g)\r\n\r\n \r\n\r\n-양념재료\r\n\r\n고추기름(3T), 두반장(½T), 굴소스(1T), 청주(1T), 진간장(½T), 참기름(½t)\r\n\r\n---------------------------------------------------------------------------\r\n\r\n1. 달군 팬에 고추기름(3T) 두른 뒤 다진 돼지고기(80g), 다진 마늘(1T) 넣고 볶기\r\n\r\n2. 두반장(½T), 청주(1T), 진간장(½T) 넣고 볶기\r\n\r\n3. 콩나물(380g) 넣고 볶기\r\n\r\n4. 굴소스(1T) 넣고 볶기\r\n\r\n5. 참기름(½t) 넣고 볶기\r\n\r\n6. 그릇에 콩나물볶음 담기\r\n\r\n---------------------------------------------------------------------------', '2021-11-09 (11:34)', 0, '2021_11_09_11_32_01.jpg', 'image/jpeg', '2021_11_09_11_34_20.jpg'),
(8, 'alieen', '김혜련', '소고기청국장찌개와 멸치무침', '[ 소고기청국장찌개 ] (2~3인분)\r\n\r\n \r\n\r\n- 주재료\r\n\r\n청국장(300g), 신김치(100g), 무(100g), 소고기(국거리/150g), 된장(1T), 식용유(½T), 멸치 밑국물(3½컵/700ml), 두부(130g), 대파(50g), 홍고추(1개), 청양고추(2개)\r\n\r\n\r\n\r\n--------------------------------------------------------------------------\r\n\r\n1. 청국장(300g) 손으로 으깨기\r\n\r\n2. 무(100g) 나박 썰고 대파(50g) 송송 썰기\r\n\r\n3. 두부(130g) 먹기 좋게 썰기\r\n\r\n4. 홍고추(1개), 청양고추(2개) 꼭지 제거한 뒤 송송 썰기\r\n\r\n5. 신김치(100g) 한입 크기로 썰기\r\n\r\n6. 달군 냄비에 식용유(½T) 두른 뒤 소고기(국거리/150g), 대파 절반 넣고 볶기\r\n\r\n7. 무, 신김치 넣어 볶다가 된장(1T) 넣기\r\n\r\n8. 멸치 밑국물(3½컵/700ml) 부은 뒤 뚜껑 덮어 5분 정도 끓이기\r\n\r\n9. 청국장 넣고 섞은 뒤 두부, 홍고추, 청양고추, 남은 대파 넣고 한소끔 끓이기\r\n\r\n10. 뚝배기에 소고기청국장찌개 담기\r\n\r\n---------------------------------------------------------------------------\r\n\r\n \r\n\r\n[ 멸치무침 ]\r\n\r\n \r\n\r\n- 주재료\r\n\r\n국 멸치(150g), 풋고추(2개), 대파(35g), 다진 마늘(1T), 버터(½T), 식용유(2T)\r\n\r\n \r\n\r\n \r\n\r\n-양념재료\r\n\r\n고추장(1T), 멸치액젓(½T), 매실청(1T), 통깨(1T), 고춧가루(1T), 설탕(1T), 물엿(1T), 참기름(1T)\r\n\r\n\r\n\r\n---------------------------------------------------------------------------\r\n\r\n1. 대파(35g) 반 갈라 뒤 송송 썰기\r\n\r\n2. 풋고추(2개) 깊숙하게 칼집 넣은 뒤 송송 썰기\r\n\r\n3. 달군 팬에 국 멸치(150g) 넣고 볶다가 식용유(½T), 버터(½T) 넣고 볶기\r\n\r\n4. 볶은 국 멸치 옮겨 담은 뒤 식히기\r\n\r\n5. 달군 팬에 식용유(1½T), 다진 마늘(1T) 넣어 볶기\r\n\r\n6. 대파, 풋고추 넣고 볶기\r\n\r\n7. 멸치액젓(½T), 매실청(1T), 참기름(1T), 고춧가루(1T), 고추장(1T) 넣어 섞기\r\n\r\n8. 물엿(1T), 설탕(1T) 넣고 약불에 살짝 볶기\r\n\r\n9. 불 끄고 국 멸치 넣어 섞은 뒤 통깨(1T) 넣기\r\n\r\n10. 그릇에 멸치무침 담기\r\n\r\n---------------------------------------------------------------------------\r\n\r\n\r\n', '2021-11-09 (11:35)', 0, '2021_11_09_11_30_49.jpg', 'image/jpeg', '2021_11_09_11_35_02.jpg'),
(9, 'alieen', '김혜련', '들깨순두부찌개와 무말랭이진미채무침', '\r\n[ 들깨순두부찌개 ] (2~3인분)\r\n\r\n \r\n\r\n-주재료\r\n\r\n순두부(400g), 소고기(국거리/100g), 새송이버섯(250g), 양파(200g), 표고버섯(120g), 홍고추(1개). 풋고추(1개), 대파(100g), 멸치 밑국물(3컵/600ml), 들깻가루(5T), 찹쌀가루(1T), 달걀(1개), 물(½컵/100ml)\r\n\r\n \r\n\r\n-양념 재료\r\n\r\n까나리액젓(1T), 다진 마늘(1T), 들기름(1T), 국간장(1T), 식용유(1T)\r\n\r\n---------------------------------------------------------------------------\r\n\r\n1. 순두부(400g) 포장된 채로 2등분하고 통에 담아 6등분 한 뒤 물기 빼내기\r\n\r\n2. 새송이버섯(250g) 편 썰기\r\n\r\n3. 표고버섯(120g) 밑동 제거한 뒤 2등분해 편 썰기\r\n\r\n4. 양파(200g) 채 썰고 대파(100g) 어슷썰기\r\n\r\n5. 풋고추(1개), 홍고추(1개) 꼭지 제거한 뒤 어슷썰기\r\n\r\n6. 들깻가루(5T), 찹쌀가루(1T), 물(½컵/100ml) 섞어 들깻국물 만들기\r\n\r\n7. 달걀(1개) 풀기\r\n\r\n8. 달군 뚝배기에 식용유(1T) 두른 뒤 양파 볶다가 소고기(국거리/100g) 넣어 볶기\r\n\r\n9. 소고기 익으면 새송이버섯, 표고버섯 넣고 볶다가 들기름(1T) 두르기\r\n\r\n10. 멸치 밑국물(3컵/600ml), 다진 마늘(1T), 까나리액젓(1T), 국간장(1T), 들깻국물 넣고 뚜껑 덮어 한소끔 끓이기\r\n\r\n11. 대파, 순두부, 풋고추, 홍고추 넣은 뒤 달걀물 두르기\r\n\r\n---------------------------------------------------------------------------\r\n\r\n \r\n\r\n[ 무말랭이진미채무침 ]\r\n\r\n \r\n\r\n-주재료\r\n\r\n무말랭이(150g), 진미채(150g), 물(5컵/1L), 생강(35g)\r\n\r\n \r\n\r\n-양념재료\r\n\r\n고추장(2T), 설탕(½T), 까나리액젓(1T), 진간장(1T), 다진 마늘(2T), 고춧가루(3T), 물엿(3T), 맛술(4T), 참기름(2T), 다진 대파(5T)\r\n\r\n---------------------------------------------------------------------------\r\n\r\n1. 무말랭이(150g) 물에 씻기\r\n\r\n2. 생강(35g) 작게 썬 뒤 믹서에 생강, 물(4컵/800ml) 넣고 갈아 생강물 만들기\r\n\r\n3. 면 주머니로 생강물 걸러 무말랭이에 넣고 30분 정도 불리기\r\n\r\n4. 불린 무말랭이 물기 짜기\r\n\r\n5. 진미채(150g) 먹기 좋게 썰기\r\n\r\n6. 맛술(4T), 다진 마늘(2T), 까나리액젓(1T), 고춧가루(3T), 고추장(2T), 설탕(½T), 진간장(1T), 물엿(3T) 섞은 뒤 다진 대파(5T), 참기름(2T) 넣고 섞어 양념 만들기\r\n\r\n7. 무말랭이에 양념 절반 넣어 무친 뒤 진미채, 남은 양념 넣어 무치기\r\n\r\n8. 그릇에 무말랭이진미채무침 담기\r\n\r\n---------------------------------------------------------------------------', '2021-11-09 (11:35)', 0, '2021_11_09_11_33_54.jpg', 'image/jpeg', '2021_11_09_11_35_30.jpg'),
(10, 'alieen', '김혜련', '배추버섯전골과 불고기파전', '[ 배추버섯전골 ] (2~3인분)\r\n\r\n \r\n\r\n- 주재료\r\n\r\n알배추(300g), 편 썬 표고버섯(25g), 느타리버섯(60g), 쪽파(30g), 팽이버섯(90g), 애호박(65g), 홍고추(2개), 숙주(150g), 녹말가루(3T), 소금(½t), 참기름(1T), 모시조개 밑국물(5컵/1L), 모시조개 살(60g),\r\n\r\n \r\n\r\n---------------------------------------------------------------------------\r\n\r\n1. 모시조개 밑국물(5컵/1L)에 소금(½t) 넣어 간하기\r\n\r\n2. 모시조개 살(60g)에 소금(½t), 참기름(½T) 넣어 밑간하기\r\n\r\n3. 참기름(½T), 소금(½t) 섞어 기름장 만들기\r\n\r\n4. 데친 느타리버섯(60g), 데친 숙주(150g)에 기름장 넣어 버무리기\r\n\r\n5. 데친 알배추 잎(200g)에 녹말가루(3T) 묻힌 뒤 편 썬 표고버섯(25g), 팽이버섯(90g) 올리고 돌돌 말아 배추버섯말이 만들기\r\n\r\n6. 배추버섯말이 반으로 어슷썰기\r\n\r\n7. 전골냄비에 데친 알배추 줄기(100g), 느타리버섯, 편 썬 애호박(65g), 채 썬 홍고추(2개), 숙주, 먹기 좋게 썬 쪽파(30g) 돌려 담은 뒤 배추버섯말이, 모시조개 살 올리기\r\n\r\n8. 모시조개 밑국물 가장자리에 부은 뒤 뚜껑 덮어 한소끔 끓이기\r\n\r\n \r\n\r\n---------------------------------------------------------------------------\r\n\r\n \r\n\r\n[ 불고기파전 ]\r\n\r\n \r\n\r\n- 주재료\r\n\r\n먹기 좋게 썬 소고기(우둔살/100g), 실파(100g), 부침가루(1T), 식용유(4T), 채 썬 홍고추(10g), 달걀(1개)\r\n\r\n \r\n\r\n- 소고기 양념 재료\r\n\r\n진간장(1T), 다진 마늘(1t), 후춧가루(약간), 설탕(1t), 깨소금(1t)\r\n\r\n \r\n\r\n-반죽 재료\r\n\r\n소금(½t), 달걀(1개), 물(½컵/100ml), 찹쌀가루(2T), 부침가루(¾컵/150g)\r\n\r\n---------------------------------------------------------------------------\r\n\r\n1. 진간장(1T), 다진 마늘(1t), 설탕(1t), 깨소금(1t), 후춧가루(약간) 섞어 불고기 양념 만들기\r\n\r\n2. 불고기 양념에 먹기 좋게 썬 소고기(우둔살/100g) 넣어 버무리기\r\n\r\n3. 먹기 좋게 썬 실파(100g)에 부침가루(1T) 뿌려 섞기\r\n\r\n4. 달걀(1개)에 소금(약간) 푼 뒤 채 썬 홍고추(10g)를 넣어 섞기\r\n\r\n5. 부침가루(¾컵/150g), 달걀(1개), 물(½컵/100ml), 소금(½t) 섞은 뒤 찹쌀가루(2T) 넣어 반죽 만들기\r\n\r\n6. 반죽에 실파 넣고 섞기\r\n\r\n7. 달군 팬에 식용유(2T) 두른 뒤 반죽 넣어 얇게 펴기\r\n\r\n8. 센 불에 양념한 소고기 올린 뒤 팬 돌려 가며 굽기\r\n\r\n9. 소고기 위에 달걀물 끼얹은 뒤 식용유 둘러 앞뒤로 노릇하게 굽기\r\n\r\n10. 파전 가장자리 제거하고 한입 크기로 썰기\r\n\r\n11. 그릇에 불고기파전 담기\r\n\r\n---------------------------------------------------------------------------\r\n\r\n  ', '2021-11-09 (11:35)', 0, '2019_01_23_07_29_41.jpg', 'image/jpeg', '2021_11_09_11_35_57.jpg'),
(11, 'alieen', '김혜련', '어묵감자찌개와 돼지고기숙주볶음', '[ 어묵감자찌개 ] (2~3인분)\r\n\r\n-주재료\r\n\r\n모둠 어묵(200g), 양파(70g), 홍고추(1개), 풋고추(1개), 대파(40g), 감자(200g)\r\n\r\n \r\n\r\n-양념 재료\r\n\r\n멸치 밑국물(5컵/1L), 다진 마늘(1t), 고춧가루(1t), 고추장(2T), 소금(½t)\r\n\r\n---------------------------------------------------------------------------\r\n\r\n1. 감자(200g) 반달 모양으로 썰고 양파(70g) 큼직하게 썰기\r\n\r\n2. 대파(40g) 어슷썰기\r\n\r\n3. 풋고추(1개), 홍고추(1개) 어슷 썰고 씨 털어내기\r\n\r\n4. 모둠 어묵(200g) 한입 크기로 썰기\r\n\r\n5. 끓는 물에 소금(½t) 넣고 모둠 어묵 데치기\r\n\r\n6. 끓는 멸치 밑국물(5컵/1L)에 고추장(2T) 넣기\r\n\r\n7. 밑국물(약간)과 고춧가루(1t) 섞은 뒤 냄비에 풀기\r\n\r\n8. 감자 넣고 뚜껑 덮어 끓이기\r\n\r\n9. 국물이 반으로 줄어들면 양파, 모둠 어묵 넣고 뚜껑 덮어 한소끔 끓이기\r\n\r\n10. 대파, 풋고추, 홍고추 넣고 끓이다가 다진 마늘(1t) 넣고 한소끔 끓이기\r\n\r\n11. 뚝배기에 어묵감자찌개 담기\r\n\r\n \r\n\r\n---------------------------------------------------------------------------\r\n\r\n \r\n\r\n[ 돼지고기숙주볶음 ]\r\n\r\n \r\n\r\n-주재료\r\n\r\n돼지고기(얇게 썬 목살/300g), 쪽파(30g), 숙주(100g), 적양파(90g), 청양고추(2개), 실고추(3g), 식용유(2½T), 통들깨(1t), 들기름(1T)\r\n\r\n \r\n\r\n-양념재료\r\n\r\n진간장(2½T), 생강즙(1t), 물엿(1T), 후춧가루(약간), 다진 마늘(1T), 설탕(1T), 거피 들깻가루(2T)\r\n\r\n---------------------------------------------------------------------------\r\n\r\n1. 진간장(2½T), 다진 마늘(1T), 생강즙(1t), 설탕(1T), 물엿(1T), 거피 들깻가루(2T), 후춧가루(약간) 섞어 양념 만들기\r\n\r\n2. 양념에 적당한 크기로 썬 돼지고기(얇게 썬 목살/300g) 넣어 버무린 뒤 10분 정도 재우기\r\n\r\n3. 쪽파(30g), 적양파(90g) 한입 크기로 썰기\r\n\r\n4. 청양고추(2개) 어슷 썬 뒤 씨 털어 내기\r\n\r\n5. 달군 웍에 식용유(2½T) 두르고 센 불에 양념한 돼지고기 넣고 볶기\r\n\r\n6. 적양파, 청양고추 넣고 볶다가 쪽파 넣고 볶기\r\n\r\n7. 숙주(100g) 넣고 볶다가 불 끄고 통들깨(1t), 실고추(3g), 들기름(1T) 넣어 섞기\r\n\r\n8. 그릇에 돼지고기숙주볶음 담기\r\n\r\n---------------------------------------------------------------------------', '2021-11-09 (11:36)', 0, '2021_11_09_11_35_57.jpg', 'image/jpeg', '2021_11_09_11_36_23.jpg'),
(12, 'alieen', '김혜련', '소고기송이덮밥과 김쪽파무침', '\r\n[ 소고기송이덮밥 ] (1~2인분)\r\n\r\n-주재료\r\n\r\n소고기(안심/80g), 새송이버섯(50g), 청경채(45g), 흰밥(170g), 은행(10g), 양송이버섯(30g), 식용유(2T), 빨간 파프리카(10g)\r\n\r\n \r\n\r\n-고기 양념 재료\r\n\r\n진간장(½t), 맛술(1t), 후춧가루(약간)\r\n\r\n \r\n\r\n-양념 재료\r\n\r\n굴소스(½T), 치킨 파우더(½t), 다진 마늘(½t), 참기름(1t), 진간장(1t), 맛술(1t), 다진 생강(½t), 물(¾컵/150ml), 물(2T), 감자전분(2T)\r\n\r\n \r\n\r\n---------------------------------------------------------------------------\r\n\r\n1. 소고기(안심/80g) 먹기 좋은 크기로 썰기\r\n\r\n2. 소고기에 진간장(½t), 후춧가루(약간), 맛술(1t) 넣어 밑간하기\r\n\r\n3. 빨간 파프리카(10g), 새송이버섯(50g) 대각선으로 먹기 좋게 썰기\r\n\r\n4. 양송이버섯(30g) 밑동 제거하고 먹기 좋게 썰기\r\n\r\n5. 청경채(45g) 밑동 제거한 뒤 2등분하기\r\n\r\n6. 물(¾컵/150ml)에 맛술(1t), 진간장(1t), 굴소스(½T), 다진 생강(½t), 다진 마늘(½t), 치킨 파우더(½t) 섞어 양념 만들기\r\n\r\n7. 물(2T)에 감자전분(2T) 넣어 전분물 만들기\r\n\r\n8. 달군 팬에 소고기 넣고 볶기\r\n\r\n9. 달군 웍에 식용유(2T) 두른 뒤 빨간 파프리카, 양송이버섯, 새송이버섯, 은행(5g) 넣고 볶기\r\n\r\n10. 볶은 소고기, 청경채 넣고 볶다가 양념 넣고 볶기\r\n\r\n11. 전분물 둘러 가며 넣은 뒤 참기름(1t) 넣기\r\n\r\n12. 밥(170g) 담긴 그릇에 덮밥소스 담기\r\n\r\n---------------------------------------------------------------------------\r\n\r\n \r\n\r\n[ 김쪽파무침 ]\r\n\r\n \r\n\r\n-주재료\r\n\r\n김(3장/10g), 꽃소금(1T), 쪽파(120g)\r\n\r\n \r\n\r\n-양념재료\r\n\r\n국간장(½t), 매실청(1t), 설탕(½t), 다진 마늘(1t), 참기름(1t), 진간장(1t), 멸치액젓(1t), MSG(약간), 참깨(1t)\r\n\r\n \r\n\r\n---------------------------------------------------------------------------\r\n\r\n1. 쪽파(120g) 밑동 제거한 뒤 흰 부분 칼등으로 두드리고 먹기 좋은 크기로 썰기\r\n\r\n2. 끓는 물에 꽃소금(1T) 넣은 뒤 쪽파 흰 부분 넣고 데치다가 이파리 넣고 데치기\r\n\r\n3. 데친 쪽파 체에 걸러 찬물에 헹군 뒤 물기 제거하기\r\n\r\n4. 달군 팬에 김(3장/10g) 뒤집개로 눌러가며 굽기\r\n\r\n5. 비닐봉지에 구운 김 넣고 살짝 부순 뒤 식히기\r\n\r\n6. 멸치액젓(1t), 진간장(1t), 국간장(½t), 매실청(1t), 다진 마늘(1t), 설탕(½t), MSG(약간), 참깨(1t), 참기름(1t) 섞어 양념 만들기\r\n\r\n7. 쪽파에 구운 김, 양념 넣고 무치기\r\n\r\n8. 그릇에 김쪽파무침 담기', '2021-11-09 (11:36)', 0, '2021_11_09_11_36_23.jpg', 'image/jpeg', '2021_11_09_11_36_52.jpg'),
(13, 'alieen', '김혜련', '밤잼토스트와 닭가슴살샐러드', '[ 밤잼토스트 ]\r\n\r\n \r\n\r\n- 주재료\r\n\r\n통식빵(250g), 달걀(2개), 설탕(2T), 요거트(2T), 바닐라에센스(½T)\r\n\r\n \r\n\r\n-양념재료\r\n\r\n바나나(1개), 우유(½컵/100ml), 계핏가루(2T), 버터(90g), 연유(5T), 설탕(2T), 진간장(1t)\r\n\r\n \r\n\r\n-밤잼 재료\r\n\r\n으깬 밤(200g), 설탕(70g), 물(½컵/100ml), 럼(½t)\r\n\r\n\r\n---------------------------------------------------------------------------\r\n\r\n\r\n1. 냄비에 물(½컵/100ml), 설탕(70g) 넣어 끓이기\r\n\r\n2. 으깬 밤(200g) 넣고 숟가락으로 다져 가며 끓이기\r\n\r\n3. 럼(½t) 넣고 섞기\r\n\r\n4. 계핏가루(2T) 넣고 약불에 20분 정도 저어 가며 졸인 뒤 차갑게 식히기\r\n\r\n5. 통식빵(250g) 큼직하게 깍둑 썬 뒤 사각 용기에 담기\r\n\r\n6. 우유(½컵/100ml), 달걀(2개), 연유(5T), 진간장(1t) 섞어 달걀물 만들기\r\n\r\n7. 식빵에 달걀물 붓기\r\n\r\n8. 팬에 버터(30g) 넣어 녹인 뒤 식빵 올려 굽기\r\n\r\n9. 바나나(1개) 한입 크기로 썰기\r\n\r\n10. 팬에 버터(20g) 넣은 뒤 바나나에 설탕(1t), 계핏가루(1t) 뿌려 가며 굽기\r\n\r\n11. 그릇에 토스트 담고 밤잼, 바나나 얹은 뒤 플레인 요구르트(2T) 끼얹기\r\n\r\n \r\n\r\n---------------------------------------------------------------------------\r\n\r\n \r\n\r\n[ 닭가슴살샐러드 ]\r\n\r\n \r\n\r\n- 주재료\r\n\r\n삶은 닭 가슴살(240g), 오이고추(2개), 청오이(100g), 자색양파(30g), 깻잎(10장), 채 썬 무장아찌(10g), 채 썬 단무지(10g), 소금(1t), 후춧가루(약간)\r\n\r\n \r\n\r\n-양념재료\r\n\r\n초간장(3T), 참기름(1T), 소금(1t), 식초(1½T), 간 깨(2T), 후춧가루(약간)\r\n\r\n \r\n\r\n-초간장 재료\r\n\r\n맛술(½컵/100ml), 진간장(½컵/100ml), 물(½컵/100ml), 식초(½컵/100ml), 청주(2컵/200ml), 다시마(10g)\r\n\r\n---------------------------------------------------------------------------\r\n\r\n1. 냄비에 다시마(10g), 진간장(½컵/100ml), 식초(½컵/100ml), 맛술(½컵/100ml), 물(½컵/100ml), 청주(1컵/200ml) 넣어 한소끔 끓인 뒤 하룻밤 두기\r\n\r\n2. 삶은 닭 가슴살(240g) 결대로 찢기\r\n\r\n3. 청오이(100g) 채썰기\r\n\r\n4. 깻잎(10장) 돌돌 말아 채썰기\r\n\r\n5. 적양파(30g) 채 썰고 오이고추(2개) 반 갈라 씨 제거한 뒤 채썰기\r\n\r\n6. 닭 가슴살에 채 썬 단무지, 채 썬 무장아찌, 손질한 채소 넣어 섞기\r\n\r\n7.. 섞은 닭 가슴살에 초간장(3T), 참기름(1T), 후춧가루(약간), 간 깨(2T) 넣어 버무리기\r\n\r\n8. 그릇에 닭가슴살샐러드 담기\r\n\r\n \r\n\r\n---------------------------------------------------------------------------', '2021-11-09 (11:37)', 0, '2021_11_09_11_32_31.jpg', 'image/jpeg', '2021_11_09_11_37_22.jpg'),
(14, 'alieen', '김혜련', '소고기파국과 꽁치조림', '[ 소고기파국 ]\r\n\r\n\r\n-주재료\r\n\r\n소고기(양지머리/200g), 소금(2t), 물(6컵/1200ml), 무(150g), 국간장(⅓t), 대파(250g), 새송이버섯(30g), 맛간장(1T)\r\n\r\n \r\n\r\n---------------------------------------------------------------------------\r\n\r\n1. 무(150g) 나박썰기\r\n\r\n2. 소고기(양지머리/200g) 큼직하게 썰기\r\n\r\n3. 냄비에 무, 물(6컵/1200ml), 소고기 넣고 뚜껑 덮어 육수 끓이기\r\n\r\n4. 대파(250g) 큼직하게 썰기\r\n\r\n5. 끓는 물에 대파 넣어 1분 정도 데친 뒤 찬물에 담그기\r\n\r\n6. 대파 물기 짜준 뒤 소금(2t), 맛간장(1T) 넣어 버무리기\r\n\r\n7. 육수에 소고기 건져 내기\r\n\r\n8. 육수 체에 걸러 내기\r\n\r\n9. 육수에 양념한 대파, 결대로 찢은 소고기 넣고 뚜껑 덮어 끓이기\r\n\r\n10. 새송이버섯(30g) 채썰기\r\n\r\n11. 냄비에 새송이버섯 넣고 한소끔 끓이기\r\n\r\n12. 그릇에 소고기파국 담기\r\n\r\n \r\n\r\n---------------------------------------------------------------------------\r\n\r\n \r\n\r\n[ 꽁치조림 ]\r\n\r\n \r\n\r\n-주재료\r\n\r\n청주 넣은 꽁치(5마리/1500g), 데친 얼갈이배추(200g), 홍고추(1개), 풋고추(1개), 대파(170g)\r\n\r\n-양념재료\r\n\r\n청주(4T), 된장(1t), 고추장(1T), 생강(30g), 설탕(½T), 진간장(4T), 고춧가루(1T), 건고추 슬라이스(1T), 마늘(15g), 물(1컵/200ml)\r\n\r\n---------------------------------------------------------------------------\r\n\r\n1. 마늘(15g) 편 썰고 생강(30g) 채썰기\r\n\r\n2. 대파(170g) 돌려가며 어슷썰기\r\n\r\n3. 홍고추(1개), 풋고추(1개) 반 갈라 채썰기\r\n\r\n4. 청주(4T), 진간장(4T), 고추장(1T), 된장(1t), 설탕(½T), 고춧가루(1T), 건고추 슬라이스(1T) 섞어 양념장 만들기\r\n\r\n5. 냄비에 청주에 재워 둔 꽁치(5마리/1500g) 넣은 뒤 양념장, 물(1컵/200ml) 넣고 뚜껑 덮어 끓이기\r\n\r\n6. 데친 얼갈이배추(200g), 손질한 채소 넣고 뚜껑 덮어 3분 정도 조리기\r\n\r\n7. 그릇에 꽁치조림 담기', '2021-11-09 (11:37)', 0, '2021_11_09_11_37_22.jpg', 'image/jpeg', '2021_11_09_11_37_49.jpg'),
(15, 'alieen', '김혜련', '소고기애호박덮밥과 연근조림', '[ 소고기애호박덮밥 ] (1~2인분)\r\n\r\n \r\n\r\n&lt;주재료&gt;\r\n\r\n애호박(150g), 대파(20g), 밥(260g), 양파(120g), 다진 소고기(100g), 물(⅓컵/75ml)\r\n\r\n \r\n\r\n&lt;양념 재료&gt;\r\n\r\n맛술(1T), 참기름(1T), 진간장(½T), 후춧가루(약간), 굴소스(1T), 통깨(½T), 고춧가루(1T)\r\n\r\n \r\n\r\n \r\n\r\n---------------------------------------------------------------------------\r\n\r\n \r\n\r\n1. 대파(20g), 양파(120g) 다지기\r\n\r\n2. 애호박(150g) 도톰하게 반달썰기\r\n\r\n3. 달군 웍에 기름 두른 뒤 다진 대파 넣어 볶기\r\n\r\n4. 다진 소고기(100g) 넣어 볶다가 맛술(1T), 후춧가루(약간) 넣기\r\n\r\n5. 약불로 줄인 뒤 다진 양파 넣기\r\n\r\n6. 진간장(½T), 굴소스(1T), 고춧가루(1T) 넣고 볶기\r\n\r\n7. 물(⅓컵/75ml), 애호박 넣고 약불로 줄인 뒤 뚜껑 덮어 2~3분 정도 익히기\r\n\r\n8. 참기름(1T) 두르기\r\n\r\n9. 밥(260g) 위에 덮밥 소스 올린 뒤 통깨(약간) 뿌리기\r\n\r\n \r\n\r\n---------------------------------------------------------------------------\r\n\r\n \r\n\r\n[ 연근조림 ]\r\n\r\n \r\n\r\n&lt;주재료&gt;\r\n\r\n연근(500g), 물(4컵/800ml), 식초(2T), 흑설탕(3T), 식용유(3T), 볶은 잣(50g), 국간장(1T), 다진 마늘(1T), 다진 청양고추(½T)\r\n\r\n \r\n\r\n&lt;양념 재료&gt;\r\n\r\n진간장(3T), 다시마 물(½컵/100ml), 매실청(3T), 물엿(2T), 통깨(1T)\r\n\r\n \r\n\r\n---------------------------------------------------------------------------\r\n\r\n \r\n\r\n1. 연근(500g) 도톰하게 썰기\r\n\r\n2. 물(4컵/800ml)에 식초(2T) 푼 뒤 연근 넣어 헹구기\r\n\r\n3. 깨끗한 물에 연근 헹구기\r\n\r\n4. 연근에 흑설탕(3T), 국간장(1T), 다진 마늘(1T) 넣어 밑간하기\r\n\r\n5. 달군 웍에 식용유(3T) 두른 뒤 양념한 연근 넣어 볶기\r\n\r\n6. 다시마 물(½컵/100ml), 진간장(3T), 매실청(3T), 다진 청양고추(½T) 넣고 중불로 10분 정도 조리기\r\n\r\n7. 물엿(2T) 넣고 센 불에 2분 동안 볶기\r\n\r\n8. 불 끄고 볶은 잣(50g), 통깨(1T) 넣고 볶기\r\n\r\n9. 그릇에 연근조림 담기\r\n\r\n---------------------------------------------------------------------------', '2021-11-09 (11:38)', 0, '2021_11_09_11_30_49.jpg', 'image/jpeg', '2021_11_09_11_38_16.jpg'),
(16, 'alieen', '김혜련', '소고기뭇국과 나박김치', '[ 소고기뭇국 ] (2~3인분)\r\n\r\n \r\n\r\n- 주재료\r\n\r\n소고기(양지머리/300g), 무(400g), 다시마(5g), 대파(25g)\r\n\r\n \r\n\r\n \r\n\r\n-양념 재료\r\n\r\n물(10컵/2L), 국간장(1T), 소금(1t), 다진 마늘(1T), 후춧가루(약간)\r\n\r\n \r\n\r\n---------------------------------------------------------------------------\r\n\r\n \r\n\r\n1. 무(400g) 반 갈라 나박썰기\r\n\r\n2. 대파(25g) 송송 썰기\r\n\r\n3. 소고기(양지머리/300g) 결 반대 방향으로 얇게 썰기\r\n\r\n4. 끓는 물(10컵/2L)에 소고기, 무, 다시마(5g) 넣고 10분 정도 끓이기\r\n\r\n5. 다시마 건져 낸 뒤 체로 거품 건져 내고 30분 정도 더 끓이기\r\n\r\n6. 다진 마늘(1T), 대파, 국간장(1T), 소금(1t) 넣어 한소끔 끓이기\r\n\r\n7. 그릇에 소고기뭇국 담고 후춧가루(약간) 뿌리기\r\n\r\n \r\n\r\n \r\n\r\n---------------------------------------------------------------------------\r\n\r\n \r\n\r\n[ 나박김치 ]\r\n\r\n \r\n\r\n- 주재료\r\n\r\n무(500g), 알배추(500g), 미나리(30g), 오이(½개), 쪽파(30g), 홍고추(2개), 생강(5g), 마늘(50g), 굵은소금(1T)\r\n\r\n \r\n\r\n김칫국물 재료\r\n\r\n물(10컵/2L), 배(1개), 양파(85g), 매실청(3T), 고운 고춧가루(3T), 새우젓 국물(2T), 소금(2T)\r\n\r\n \r\n\r\n---------------------------------------------------------------------------\r\n\r\n \r\n\r\n1. 무(500g) 나박썰기\r\n\r\n2. 알배추(500g) 밑동 제거한 뒤 나박썰기\r\n\r\n3. 무에 굵은 소금(½T) 뿌린 뒤 알배추 넣고 굵은 소금(½T), 물(약간) 뿌려 10분 정도 절이기\r\n\r\n4. 오이(½개) 두꺼운 부분은 반달 썰고 얇은 부분은 송송 썰기\r\n\r\n5. 미나리(30g), 쪽파(30g), 홍고추(2개) 송송 썰기\r\n\r\n6. 편 썬 생강(5g), 으깬 마늘(50g) 면 주머니에 넣기\r\n\r\n7. 믹서에 송송 썬 배, 양파, 매실청(3T), 새우젓 국물(2T) 넣고 곱게 갈아 면포에 거르기\r\n\r\n8. 물(10컵/2L)에 갈아낸 즙, 소금(2T) 넣어 국물 만들기\r\n\r\n9. 밀폐 용기에 물기 뺀 무, 알배추, 면 주머니, 미나리, 쪽파, 홍고추 넣은 뒤 국물 붓고 반나절 실온 숙성 후 냉장 보관하기\r\n\r\n10. 숙성된 나박김치에 오이 넣기\r\n\r\n11. 면 주머니에 고운 고춧가루(3T) 넣기\r\n\r\n12. 나박김치에 면 주머니 넣고 손으로 주물러 빨갛게 우려내기', '2021-11-09 (11:38)', 0, '2021_11_09_11_38_16.jpg', 'image/jpeg', '2021_11_09_11_38_39.jpg'),
(17, 'alieen', '김혜련', '소불고기, 불고기전골과 고추장아찌', '[ 소불고기 ] (2~3인분)\r\n\r\n \r\n\r\n- 주재료\r\n\r\n소고기(불고기/600g), 당근(120g), 양파(100g), 양배추(150g)\r\n\r\n \r\n\r\n양념 재료\r\n\r\n맛술(½컵/100ml), 물엿(½컵/100ml), 다진 마늘(2T), 설탕(¼컵/50g), 양조간장(4T)\r\n\r\n \r\n\r\n---------------------------------------------------------------------------\r\n\r\n \r\n\r\n1. 소고기(불고기/600g) 키친타월로 핏물 제거한 뒤 먹기 좋게 썰기\r\n\r\n \r\n\r\n2. 소고기에 양조간장(4T), 맛술(½컵/100ml, 물엿(½컵/100ml), 설탕(¼컵/50g), 다진 마늘(2T) 섞어 양념한 뒤 10~20분 정도 재우기\r\n\r\n \r\n\r\n3. 양파(100g), 당근(120g) 채 썰고 양배추(150g) 먹기 좋게 썰기\r\n\r\n \r\n\r\n4. 팬에 양념한 소고기 넣어 70~80% 정도 익히기\r\n\r\n \r\n\r\n5. 당근, 양파, 양배추 넣고 볶기\r\n\r\n \r\n\r\n6. 그릇에 소불고기 담기\r\n\r\n---------------------------------------------------------------------------\r\n\r\n \r\n\r\n[ 불고기전골 ] (2~3인분)\r\n\r\n \r\n\r\n-주재료\r\n\r\n양념한 소고기(400g), 느타리버섯(180g), 대파(45g), 표고버섯(3개), 목이버섯(50g), 알배추(130g), 소금(약간), 후춧가루(약간), 채수(5컵/1L), 참치액(1T), 국간장(1T)\r\n\r\n \r\n\r\n---------------------------------------------------------------------------\r\n\r\n \r\n\r\n1. 알배추(130g) 먹기 좋게 썰어 뚝배기에 깔기\r\n\r\n \r\n\r\n2. 느타리버섯(180g) 손으로 큼직하게 찢어 뚝배기 담기\r\n\r\n \r\n\r\n3. 표고버섯(2개) 편 썰고 남은 표고버섯(1개) 갓에 칼집 넣어 담기\r\n\r\n \r\n\r\n4. 대파(45g) 큼직하게 어슷 썰어 담고 목이버섯(50g) 밑동 제거한 뒤 담기\r\n\r\n \r\n\r\n5. 뚝배기에 채수(5컵/1L) 붓기\r\n\r\n \r\n\r\n6. 양념한 소고기 뚝배기 가운데에 담은 뒤 센 불에 한소끔 끓이기\r\n\r\n \r\n\r\n7. 국간장(1T), 참치액(1T), 소금(약간), 후춧가루(약간) 넣어 간하기\r\n\r\n \r\n\r\n---------------------------------------------------------------------------\r\n\r\n \r\n\r\n[ 고추장아찌 ]\r\n\r\n \r\n\r\n-주재료\r\n\r\n꽈리고추(100g)\r\n\r\n \r\n\r\n절임물 재료\r\n\r\n물(½컵/100ml), 설탕(⅔컵/70g), 매실청(4T), 식초(½컵/100ml), 간장(½컵/100ml)\r\n\r\n \r\n\r\n---------------------------------------------------------------------------\r\n\r\n \r\n\r\n1. 냄비에 간장(½컵/100ml), 물(½컵/100ml), 식초(½컵/100ml), 설탕(⅔컵/70g), 매실청(4T) 넣고 한소끔 끓여 절임물 \r\n\r\n만들기\r\n\r\n \r\n\r\n2. 이쑤시개로 꽈리고추(100g)에 구멍 내기\r\n\r\n \r\n\r\n3. 밀폐 용기에 꽈리고추 담은 뒤 식힌 절임물 붓기\r\n\r\n \r\n\r\n4. 뚜껑 닫아 3~4시간 이상 냉장 숙성하기\r\n\r\n \r\n\r\n5. 그릇에 고추장아찌 담기', '2021-11-09 (11:39)', 0, '2021_11_09_11_33_54.jpg', 'image/jpeg', '2021_11_09_11_39_08.jpg'),
(18, 'alieen', '김혜련', '두부초밥과 감자치즈전', ' \r\n\r\n[ 두부초밥 ] (2~3인분)\r\n\r\n \r\n\r\n- 주재료\r\n\r\n두부(300g), 사각 유부(40g), 단촛물(1T), 빨강 파프리카(40g), 검은깨(약간), 플레이크(1T), 오이(60g), 지단(1장), 껍질 벗긴 아보카도(100g), 마요네즈(약간), 맛살(90g), 다진 파슬리(약간)\r\n\r\n\r\n---------------------------------------------------------------------------\r\n\r\n \r\n\r\n1. 오이(60g) 굵게 돌려 깎아 겉 부분 채 썬 뒤 다지기\r\n\r\n \r\n\r\n2. 오이에 소금(약간) 뿌려 살짝 절이기\r\n\r\n \r\n\r\n3. 빨강 파프리카(40g) 채 썰어 다진 뒤 물기 제거하기\r\n\r\n \r\n\r\n4. 두부(300g) 4등분하고 면포로 감싸 물기 짠 뒤 매셔로 으깨기\r\n\r\n \r\n\r\n5. 키친타월로 절인 오이 물기 제거한 뒤 두부, 파프리카와 함께 섞기\r\n\r\n \r\n\r\n6. 플레이크(1T), 단촛물(1T), 검은깨(약간) 섞어 두부 소 만들기\r\n\r\n \r\n\r\n7. 사각 유부(40g)에 두부 소 채우기\r\n\r\n \r\n\r\n8. 지단(1장), 맛살(90g) 가늘게 채썰기\r\n\r\n \r\n\r\n9. 껍질 벗긴 아보카도(100g) 반달 모양으로 썬 뒤 2등분하기\r\n\r\n \r\n\r\n10. 그릇에 두부초밥 담고 아보카도, 맛살, 지단 각각 올리기\r\n\r\n \r\n\r\n11. 맛살 위에 마요네즈(약간) 뿌리고 다진 파슬리(약간) 골고루 뿌리기\r\n\r\n \r\n\r\n \r\n\r\n---------------------------------------------------------------------------\r\n\r\n \r\n\r\n[ 감자치즈전 ]\r\n\r\n \r\n\r\n- 주재료\r\n\r\n감자(400g), 모차렐라 치즈(150g), 채 썬 홍고추(15g), 채 썬 풋고추(20g), 감자전분(2T), 송송 썬 쪽파(2T)\r\n\r\n \r\n\r\n- 초간장 재료\r\n\r\n송송 썬 쪽파(2T), 생수(½T), 식초(½T), 간장(½T)\r\n\r\n\r\n---------------------------------------------------------------------------\r\n\r\n \r\n\r\n1. 강판으로 감자(400g) 간 뒤 체에 밭쳐 수분 걸러 내기\r\n\r\n \r\n\r\n2. 갈아낸 감자에 걸러 낸 수분에서 가라앉은 전분 넣고 섞기\r\n\r\n \r\n\r\n3. 감자에 모차렐라 치즈(150g), 감자전분(2T), 채 썬 홍고추(15g), 채 썬 풋고추(20g), 송송 썬 쪽파(2T) 넣고 섞기\r\n\r\n \r\n\r\n4. 팬에 기름 두르고 반죽을 조금씩 올려 둥글게 모양 내 앞뒤로 부치기\r\n\r\n \r\n\r\n5. 그릇에 감자치즈전 담고 송송 썬 쪽파(약간) 뿌리기\r\n\r\n \r\n\r\n6. 송송 썬 쪽파(2T), 간장(½T), 식초(½T), 생수(½T) 섞어 종지에 담기', '2021-11-09 (11:39)', 0, '2021_11_09_11_39_08.jpg', 'image/jpeg', '2021_11_09_11_39_30.jpg'),
(19, 'alieen', '김혜련', '감자볶음밥과 파김치', '---------------------------------------------------------------------------\r\n\r\n[ 감자볶음밥 ] (1인분)\r\n\r\n \r\n\r\n- 주재료\r\n\r\n쪽파(2줄기), 부추(40g), 삶은 감자(200g), 밥(150g), 파프리카(50g), 달걀(1개)\r\n\r\n \r\n\r\n양념 재료\r\n\r\n소금(약간), 후춧가루(약간), 버터(1T), 식용유(1T)\r\n\r\n \r\n\r\n---------------------------------------------------------------------------\r\n\r\n \r\n\r\n1. 파프리카(50g) 채 썬 뒤 굵게 다지고 부추(40g), 쪽파(2줄기) 송송 썰기\r\n\r\n \r\n\r\n2. 웍에 버터(½T), 식용유(½T) 넣고 녹이기\r\n\r\n \r\n\r\n3. 삶은 감자(200g) 큼직하게 썰어 웍에 넣고 매셔로 으깨 가며 익히기\r\n\r\n \r\n\r\n4. 밥(150g) 넣고 볶다가 소금(약간), 후춧가루(약간) 넣어 간한 뒤 한쪽으로 밀기\r\n\r\n \r\n\r\n5. 달걀(1개), 부추(40g) 섞어 넣고 버터(½T), 식용유(½T) 넣어 스크램블드에그 만들기\r\n\r\n \r\n\r\n6. 파프리카, 쪽파 흰 부분 넣고 볶다가 쪽파 초록 부분 넣고 볶기\r\n\r\n \r\n\r\n7. 그릇에 감자볶음밥 담기\r\n\r\n \r\n\r\n---------------------------------------------------------------------------\r\n\r\n \r\n\r\n[ 파김치 ]\r\n\r\n \r\n\r\n- 주재료\r\n\r\n쪽파(1kg), 통깨(약간)\r\n\r\n \r\n\r\n- 양념 재료\r\n\r\n찹쌀풀(1컵/200ml), 배즙(1½컵/300ml), 고춧가루(1컵/200g), 설탕(3T), 다진 생강(½t), 다진 마늘(2T), 멸치액젓(½\r\n\r\n컵/100ml)\r\n\r\n \r\n\r\n---------------------------------------------------------------------------\r\n\r\n \r\n\r\n1. 찹쌀풀(1컵/200ml), 배즙(1½컵/300ml), 고춧가루(1컵/200g) 섞어 30분 정도 불리기\r\n\r\n \r\n\r\n2. 불린 고춧가루에 멸치액젓(½컵/100ml), 다진 마늘(2T), 다진 생강(½t), 설탕(3T) 섞어 양념 만들기\r\n\r\n \r\n\r\n3. 쪽파(1kg) 끝부분 잘라 길이 맞추기\r\n\r\n \r\n\r\n4. 밀폐 용기에 쪽파 넣고 양념 끼얹어 가며 켜켜이 담기\r\n\r\n \r\n\r\n5. 통깨(약간) 뿌리기\r\n\r\n \r\n\r\n6. 비닐로 덮어 뚜껑 덮고 2시간 정도 실온 숙성한 뒤 냉장 보관하기\r\n\r\n \r\n\r\n7. 숙성한 파김치 타래 지어 그릇에 담고 통깨(약간) 뿌리기', '2021-11-09 (11:39)', 0, '2021_11_09_11_36_23.jpg', 'image/jpeg', '2021_11_09_11_39_55.jpg'),
(20, 'alieen', '김혜련', '가지덮밥과 가지선', '[ 가지덮밥 ] (2인분)\r\n\r\n \r\n\r\n- 주재료\r\n\r\n가지(250g), 밥(400g), 차돌박이(100g), 홍고추(1개), 풋고추(1개), 양파(70g), 소금(약간), 식용유(2T), 깨소금(1t)\r\n\r\n \r\n\r\n- 소스 재료\r\n\r\n청주(1t), 다진 대파(½T), 간장(1T), 고춧가루(1T), 올리고당(1T), 다진 마늘(1t), 참기름(1t), 된장(1T), 생강즙(1t)\r\n\r\n\r\n---------------------------------------------------------------------------\r\n\r\n \r\n\r\n1. 가지(250g) 꼭지 제거한 뒤 길게 반 갈라 삼각으로 썰기\r\n\r\n \r\n\r\n2. 소금(약간) 뿌려 3분 정도 절인 뒤 면포로 물기 제거하기\r\n\r\n3. 면포로 차돌박이(100g) 핏물 제거하고 먹기 좋게 썰기\r\n\r\n \r\n\r\n4. 간장(1T), 된장(1T), 다진 대파(½T), 다진 마늘(1t), 생강즙(1t), 청주(1t), 참기름(1t), 고춧가루(1T), 올리고당(1T) 섞어 양념 만들기\r\n\r\n \r\n\r\n5. 양파(70g) 채 썬 뒤 굵게 다지고 풋고추(1개), 홍고추(1개) 길게 반 갈라 씨 제거한 뒤 잘게 어슷썰기\r\n\r\n \r\n\r\n6. 팬에 식용유(2T) 둘러 달군 뒤 가지, 차돌박이 넣고 볶기\r\n\r\n \r\n\r\n7. 양념 넣고 볶기\r\n\r\n \r\n\r\n8. 양파, 풋고추, 홍고추, 깨소금(1t) 넣고 섞기\r\n\r\n \r\n\r\n9. 밥(400g)을 담은 그릇에 볶은 가지 얹은 뒤 깨소금(약간) 뿌리기\r\n\r\n \r\n\r\n---------------------------------------------------------------------------\r\n\r\n \r\n\r\n[ 가지선 ]\r\n\r\n \r\n\r\n- 주재료\r\n\r\n가지(120g), 소금(1T), 채 썬 새우(50g), 실고추(약간), 물(1컵/200ml), 불린 표고버섯(2개), 황백지단(2장)\r\n\r\n \r\n\r\n- 장 국물 재료\r\n\r\n물(½컵/100ml), 소금(½t), 간장(1t)\r\n\r\n \r\n\r\n양념 재료\r\n\r\n후춧가루(약간), 설탕(1t), 다진 대파(½T), 간장(1t), 다진 마늘(½t), 깨소금(½t), 참기름(1t)\r\n\r\n \r\n\r\n---------------------------------------------------------------------------\r\n\r\n \r\n\r\n1. 가지(120g) 꼭지 제거한 뒤 길게 반 갈라 사선으로 칼집 세 번 넣고 썰기\r\n\r\n \r\n\r\n2. 물(1컵/200ml)에 소금(1T) 섞은 뒤 가지 넣어 20분 정도 절이기\r\n\r\n \r\n\r\n3. 면포로 절인 가지 물기 제거하기\r\n\r\n \r\n\r\n4. 팬에 기름 둘러 달군 뒤 가지 살짝 볶아 그릇에 꺼내 식히기\r\n\r\n \r\n\r\n5. 간장(1t), 다진 대파(½T), 다진 마늘(½t), 참기름(1t), 후춧가루(약간), 설탕(1t), 깨소금(½t) 섞어 양념 만들기\r\n\r\n \r\n\r\n6. 채 썬 새우(50g), 채 썬 불린 표고버섯(2개)에 양념 넣고 버무리기\r\n\r\n \r\n\r\n7. 팬에 기름 두르고 새우, 표고버섯 볶은 뒤 그릇에 꺼내 식히기\r\n\r\n \r\n\r\n8. 물(½컵/100ml), 간장(1t), 소금(½t) 섞어 한소끔 끓인 뒤 식혀 장 국물 만들기\r\n\r\n \r\n\r\n9. 가지의 칼집에 볶은 표고버섯, 볶은 새우, 황백지단 채운 뒤 실고추(약간) 얹기\r\n\r\n \r\n\r\n10. 그릇에 가지선 담고 장 국물 붓기', '2021-11-09 (11:40)', 0, '2021_11_09_11_30_49.jpg', 'image/jpeg', '2021_11_09_11_40_29.jpg'),
(21, 'koeyhni', '김인혁', '스페이스X 크루-3 우주선, 세 번째 발사 지연…이유는?', '국제우주정거장(ISS)으로 가는 스페이스X의 크루-3 임무 수행이 예정보다 늦어질 전망이다. \r\n\r\n7일(현지시간) 미국 항공우주국(NASA)와 스페이스X는 공식 트위터 등의 채널을 통해 크루-3 우주선 발사를 오는 10일 밤 9시 3분(한국시간 11일 오전 11시 3분)으로 연기한다고 밝혔다. \r\n당초 NASA는 지난달 31일(현지시간) 스페이스X가 제작한 신형 크루 드래곤 우주선인 &#039;인듀런스(Indurance)호&#039;를 발사할 계획이었으나, 기상 문제 등으로 한 차례 연기한 바 있다. 이후 지난 3일로 잡았던 발사 계획도 승무원의 개인 건강 문제를 들어 3일 후로 미뤄졌다. \r\n\r\n지난 6일 나사 측 선장 &#039;라자 샤리&#039;, 임무 전문가 &#039;카일라 배런&#039;, 임무 조종자 &#039;토마스 마시번&#039;, 유럽우주기구(ESA) 임무 전문가 &#039;마티아스 마우러&#039; 등 4명의 우주인이 인듀런스호에 탑승할 계획이었지만 또 한 번 기상 문제가 발목을 잡은 것으로 알려졌다.\r\n\r\nNASA와 스페이스X는 연기된 계획이 차질없이 실행될 경우 플로리다 케네디 우주센터에 이륙해 오는 11일 오후 7시 10분쯤(현지시간) ISS와 도킹할 것으로 보고 있다. ISS에 파견되는 4명의 우주인들은 내년 4월까지 머무르며 인류 미래와 관련된 재료공학, 식물학 분야의 연구를 수행할 계획이다.\r\n\r\n한편 인듀런스호가 발사될 경우 스페이스X는 다섯 번째로 유인 우주비행에 성공하는 기록을 세우게 된다. ', '2021-11-09 (11:29)', 3, '0000036880_001_20211108121001547.jpg', 'image/jpeg', '2021_11_09_11_29_46.jpg'),
(22, 'koeyhni', '김인혁', '“화이자, 이번주 중 부스터샷 모든 성인으로 확대 신청”', '화이자가 이번주 중 코로나19 백신의 추가접종(부스터샷) 대상을 모든 성인으로 확대해달라고 신청할 예정이다.\r\n\r\n8일(현지시간) 외신 보도에 따르면 바이든 행정부 관리는 화이자가 이번주 중 미국 식품의약국(FDA)에 18세 이상 모든 성인을 대상으로 하는 코로나19 백신 부스터샷에 대한 긴급사용승인(EUA)을 요청할 것으로 예상된다고 밝혔다. 다만 신청 시점은 변경될 수 있다고 덧붙였다.\r\n\r\n부스터샷 대상을 모든 성인으로 확대하는 것은 연방 보건 관리들이 겨울로 접어들면서 면역력 약화 등을 우려했기 때문이라고 외신은 전했다.\r\n\r\n현재 FDA는 백신 접종을 끝낸 뒤 최소 6개월이 지난 65세 이상 고령자, 당뇨·신장 질환 등을 앓고 있거나 임신 중인 여성, 코로나19 노출 가능성이 높은 의료 종사자·교사 등 18세 이상의 고 위험군을 대상으로 화이자와 모더나의 부스터샷을 승인했다.\r\n\r\n이 고위험군에 비만·과체중이나 우울증 같은 정신질환도 포함돼, 백신 접종을 끝낸 성인 대다수에게 부스터샷을 승인했다고 외신은 보도했다.\r\n\r\n또 존슨앤드존슨(얀센) 백신을 맞은 지 2개월이 넘은 18세 이상 성인을 대상으로 부스터샷 접종 자격이 주어졌다.\r\n\r\n미국에서는 백신 접종을 마친 사람 중 약 12.4%인 2400만명이 부스터샷을 맞았다.\r\n\r\n김예나 기자', '2021-11-09 (11:31)', 0, '', '', ''),
(23, 'koeyhni', '김인혁', '美 하늘길 다시 열린날 공항마다 눈물·포옹', '미국이 유럽 각국을 포함해 33개국에 걸어뒀던 빗장을 신종 코로나바이러스 감염증(코로나19) 백신 접종자에 한해 8일(현지시간) 풀었다. 이에 뉴욕 등 미 주요 도시의 국제공항에는 재회의 감격이 곳곳을 메웠고, 미-캐나다·미-멕시코 육로 국경에도 입국 제한 해제에 대한 설렘이 가득했다.\r\n\r\n외신에 따르면 이날부터 완화 적용된 미 입국 규정에 따라 백신 접종자들은 미국 입국이 가능해졌다. 미 입국자들은 백신 접종 증명 서류와 함께 음성 판정 서류를 내야 미국행 비행기에 탑승할 수 있다. 한국은 그간 음성 증명서를 제시하면 미국 입국이 가능했는데 이날부터는 백신 접종 증명서도 내야 한다.\r\n\r\n뉴욕타임스(NYT)와 워싱턴포스트(WP), AFP·로이터 통신 등 외신이 전한 이날 미국 공항 풍경은 거의 비슷했다. 뉴욕 존 F.케네디 국제공항에서 자매지간인 질과 730일 만에 재회한 루이스 이리바라는 언론 인터뷰에서 “언제 다시 볼 수 있을지, 국경이 다시 열리기나 할지 알 수 없는 건 끔찍했다”며 지난날 기다림의 고통을 토로했다.\r\n\r\n플로리다주(州) 마이애미 국제공항에서는 28세인 나탈리아 비토리니가 3주 된 아들을 안고 브라질 상파울루에서 오는 부모를 기다렸다. 작년 3월 이후 첫 재회였다.\r\n\r\n미국과 캐나다를 가르는 나이아가라 폭포 옆 레인보우 브리지의 캐나다 쪽 국경 검문소에는 이날 동이 트기 전부터 차량이 줄을 섰다.\r\n\r\n캐나다에서 미 뉴욕주로 들어갈 수 있는 사우전드 아일랜드 브리지는 전날 밤 11시 30분부터 대기 행렬이 등장했다. 멕시코 쪽에서 육로로 미국으로 들어오려는 행렬도 길었다. 필수적 목적의 이동만 가능했던 기존의 규제가 해제돼 가족·친지와의 만남이 가능해졌기 때문이다.\r\n\r\n유럽 각지의 공항에서도 미 입국 제한 완화에 대한 설렘이 가득했다. 독일 프랑크푸르트 공항에서 탑승 수속 중이던 한스 볼프는 미국 휴스턴에 있는 아들을 보러 가는 길이었다. 2년 만의 재회였다. 그는 AFP 통신에 “3월에 비행기 표를 예매하고는 28번은 바꾼 것 같다. (표를 변경하느라) 돈도 많이 썼다”고 했다.\r\n\r\n영국 런던 히스로 공항에서는 뉴욕으로 가는 영국 항공과 버진애틀랜틱 항공기가 동시에 나란히 이륙, 미국행 하늘길이 다시 열린 것을 자축했다.\r\n\r\n루프트한자, 버진애틀랜틱, 영국 항공 등 미국으로 향하는 유럽 주요 항공사의 항공기는 이날 만석을 기록했다.\r\n\r\n수요 급증으로 항공사들은 미국행 항공편을 늘리고 대형 여객기를 동원하기로 했다.\r\n\r\n로이터는 “에어프랑스는 뉴욕·마이애미·로스앤젤레스(LA) 등 미국 주요 도시와 유럽을 연결하는 노선을 대폭 증편할 예정”이라고 전했다.\r\n\r\n신동윤 기자', '2021-11-09 (11:31)', 0, '', '', ''),
(24, 'koeyhni', '김인혁', '&#039;이터널스&#039; 흥행에 주말 극장 관객 수 2배로 급증', '마블 영화 &#039;이터널스&#039;의 흥행으로 지난 주말 극장을 찾은 관객 수가 두 배 증가한 것으로 나타났습니다.\r\n\r\n영화진흥위원회 통합전산망을 보면 지난 주말 관객 수는 138만5천여 명으로, 한 주 전 58만8천여 명보다 두 배 이상 늘었습니다.\r\n\r\n&#039;이터널스&#039;는 개봉 첫 주 누적 관객 161만4천여 명을 모아 올해 최고 흥행작인 &#039;블랙 위도우&#039;의 135만여 명을 뛰어넘었습니다.\r\n\r\n&#039;이터널스&#039;는 마블의 새로운 히어로 영화로, 우리나라 배우 마동석이 길가메시 역으로 출연했습니다', '2021-11-09 (11:32)', 0, '', '', ''),
(25, 'koeyhni', '김인혁', '무산됐던 현실판 &#039;오징어 게임&#039; 열린다…상금 1천만 원', '지난달 코로나19 방역지침에 따른 행정명령으로 무산됐던 강원 강릉의 한 호텔이 준비한 &#039;오징어 게임&#039;이 오는 21일에 다시 개최될 예정이다.\r\n\r\n강릉시 소재 모 호텔은 8일 &quot;정부에서 시행한 위드 코로나, 단계적 일상회복 정책에 따라 많은 분들의 성원과 관심을 받았던 &#039;스페셜 세인트게임(오징어게임)&#039;을 재개하기로 결정했다&quot;고 밝혔다.\r\n\r\n이어 &quot;지난번 문제가 됐던 행사 주최 금지사항 등의 문제점을 미연에 방지하기 위해 강릉시청 해당 부서에 문의한 결과, 위드 코로나 방역수칙을 준수해 행사를 진행하는 것은 문제가 되지 않는다는 확답을 받았다&quot;며 &quot;&#039;스페셜 세인트게임&#039;을 &#039;세인트게임 리턴즈&#039;라는 이름으로 다시 진행하기로 했다&quot;고 설명했다.\r\n\r\n호텔 측이 기획한 &#039;세인트게임 리턴즈&#039;는 변경된 단계적 일상회복 정책에 따라 모든 게임을 호텔 앞 소나무 숲과 백사장 등 야외에서 진행될 예정이다.\r\n\r\n게임 모집 인원은 456명으로 코로나19 확산 방지를 위해 백신 2차 접종 후 14일이 지난 완료자만 참여가 가능하다. 지난 행사에 지원했던 참가자들은 모두 환불 조치됐으며, 9일부터 3일 동안 재모집한다고 호텔 측은 전했다.\r\n\r\n게임은 구슬치기, 줄다리기, 설탕뽑기(달고나), &#039;무궁화꽃이 피었습니다&#039;, 딱지치기 순으로 진행될 예정이다. 참가비 1만 원을 내고 총 5개의 게임을 모두 통과한 최후의 1인에게는 상금 1천만 원이 주어진다.\r\n\r\n앞서 호텔 측은 지난달 24일 행사를 진행하기로 했으나, 강릉시가 당시 사회적 거리두기 3단계 방역지침에 따라 &#039;숙박시설 주관 파티 등 행사주최 금지 행정명령&#039;을 통보하면서 무산됐다. ', '2021-11-09 (11:32)', 0, '', '', ''),
(26, 'koeyhni', '김인혁', '비트코인, 20일 만에 사상 최고가...6만7천 달러 돌파', '가상화폐 비트코인이 사상 처음으로 6만7천 달러를 돌파하며 20일 만에 최고가 기록을 다시 세웠습니다.\r\n\r\n가상화폐 정보사이트 코인데스크에 따르면 비트코인의 1개당 가격은 오늘 오전 8시 10분 기준으로 6만7천 달러를 넘어선 뒤 오전 9시 현재 6만7천400달러 선에서 거래되고 있습니다.\r\n\r\n비트코인은 앞서 지난달 20일 미국 최초의 비트코인 선물 상장지수펀드(ETF)의 거래에 힘입어 6만6천924.38달러를 기록했습니다.', '2021-11-09 (11:32)', 0, '', '', ''),
(27, 'koeyhni', '김인혁', '악뮤 찬혁, 26살에 한강뷰 집 살아도..동생은 시큰둥 &quot;머리 잘랐던데&quot;', 'AKMU 수현이 오빠 찬혁의 새로운 헤어 스타일에 시큰둥한 반응을 보였다.\r\n\r\n수현은 9일 자신이 인스타그램에 팬들의 질문에 답하는 이른바 ‘무물 시간’을 가졌다.\r\n\r\n수현은 다양한 질문에 답했다. 요즘 잠옷이 좋다면서 외출복으로도 입고 싶다는 수현은 진지하게 저녁 메뉴를 추천하느가 하면 최근 소소하지만 가장 행복했던 일들에 대해 이야기했다.\r\n\r\n이 가운데 수현은 찬혁을 보면 무슨 생각 드느냐는 질문에 “머리카락 잘랐던데”라고 말하며 찬혁의 아이디를 태그해 웃음을 자아냈다.\r\n\r\n이 밖에도 수현은 단발 머리 잘 어울리는 법에 대해 “일단 자른다. 내 인생머리라고 우긴다. 안 어울린다고 하는 사람이 있으면 먼저 그 사람 앞에 서서 자리를 잡고 양쪽 손가락으로 귀를 막고 눈을 감고 혀를 내민다”고 말했다.', '2021-11-09 (11:34)', 0, '', '', ''),
(28, 'koeyhni', '김인혁', '&#039;이터널스&#039; 적수 없는 1위…171만 돌파', '영화 ‘이터널스’(감독 클로이 자오)의 활약이 수벗다. 개봉 6일째 박스오피스 1위를 지키며 170만 관객도 훌쩍 넘었다.\r\n\r\n9일 오전 영화진흥위원회 영화관입장권 통합전산망 집계 결과에 따르면 전날 ‘이터널스’는 10만 3719명의 관객을 동원해 박스오피스 1위를 차지했다. 누적 관객 수는 171만8501명.\r\n\r\n지난 3일 개봉한 ‘이터널스’는 개봉 첫날 29만 이상의 관객을 동원하며 올해 개봉한 외화 가운데 최고 기록을 세웠다.\r\n\r\n영화는 수천 년에 걸쳐 그 모습을 드러내지 않고 살아온 불멸의 히어로들이 ‘어벤져스: 엔드게임’ 이후 인류의 가장 오래된 적 ‘데비안츠’에 맞서기 위해 다시 힘을 합치면서 벌어지는 이야기를 담은 영화다.\r\n\r\n2위는 ‘듄’이 차지했다. 같은 날, 1만 8681명을 동원해 박스오피스 2위를 기록했고 ‘베놈 2: 렛 데어 비 카니지’는 6028명이 관람해 3위를 각각 차지했다.', '2021-11-09 (11:34)', 0, '', '', ''),
(29, 'koeyhni', '김인혁', '손흥민-케인도 아니다...&#039;명장&#039; 콘테가 사랑에 빠진 &#039;토트넘 성골 유스&#039;', '안토니오 콘테 토트넘 감독이 올리버 스킵에 대해서 상당히 높이 평가하고 있는 것으로 파악됐다.\r\n\r\n영국 &#039;풋볼 런던&#039;은 9일(한국시간) 콘테 감독이 부임한 뒤에 토트넘의 팀 분위기가 개선됐다는 걸 보도하면서 콘테 감독의 마음을 사로잡은 선수가 있다고 밝혔다. 주인공은 바로 스킵이었다.\r\n\r\n&#039;풋볼 런던&#039;은 &quot;지금까지 콘테 감독의 눈을 사로잡은 선수는 스킵이다. 스킵은 누누 산투 감독이 가장 좋아했던 선수였다. 누누 감독이 질문을 받았을 때 기꺼이 시간을 내서 답해주는 선수 중 한 명이었다&quot;고 설명했다.\r\n\r\n2000년생의 유망주인 스킵은 어릴 시절부터 토트넘 유소년 아카데미를 통해 성장한 성골 유스다. 마우리시오 포체티노 감독 시절부터 잠재력을 주목받은 스킵은 2017-18시즌 1군 무대 데뷔전을 치렀다. 아직 주전급으로 올라서기에는 무리가 있어서 2020-21시즌에 노리치 시티로 임대를 떠났다.\r\n\r\n노리치로 임대를 보낸 것이 스킵에게 큰 도움이 됐다. 핵심 미드필더로 활약한 스킵은 노리치 팬들의 사랑을 독차지했고, 팀의 프리미어리그 승격에 크게 기여했다. 누누 감독은 이번 시즌부터 스킵을 주전으로 기용하면서 신뢰를 드러냈다. 토트넘이 부진한 가운데도 스킵은 매번 제몫을 해줬다.\r\n\r\n&#039;풋볼 런던&#039;은 &quot;스킵이 앞으로 몇 년 안에 토트넘의 핵심 선수가 될 것이라는 구단 내부의 기대감에 동의한다. 좋은 기술력, 에너지, 시야 그리고 많은 역할을 받아들일 수 있는 스킵의 능력은 감독들의 꿈이다. 훈련이든, 경기든 모든 걸 투자한다. 에버턴과 0-0으로 비긴 경기에서도 스킵은 최고의 활약을 펼친 토트넘 선수였다&quot;며 칭찬했다.\r\n\r\n현재까지 스킵은 리그 11경기를 모두 소화한 몇 안되는 토트넘 선수다. 그만큼 감독들이 스킵에 대한 신뢰가 두텁다는 것이다. 수비진을 보호하는 역할에 있어서 상당히 좋뛰어나고, 2000년생으로 아직 경험이 많지 않지만 경기 운영에 있어서도 일가견이 있는 모습이다. 아직 공격적인 역량에 있어서 아쉬움이 있지만 워낙 젊어 발전 가능성이 무궁무진하다.', '2021-11-09 (11:35)', 0, '', '', ''),
(30, 'koeyhni', '김인혁', '맨유 솔샤르 유임 결정…호날두 포함 라커룸 분위기 &#039;나락&#039;', '맨체스터 유나이티드 계획에 올레 군나르 솔샤르 감독 경질은 없다. 라커룸에 흉흉한 분위기가 돌고 있지만 내년 여름까지도 지켜볼 생각이다.\r\n\r\n글로벌 스포츠 매체 &#039;디 애슬레틱&#039;은 &quot;맨체스터 유나이티드 고위층이 변화의 필요성을 느끼지 못한다. 챔피언스리그와 프리미어리그 경쟁을 해야하는 상황에 솔샤르 감독 경질을 꺼리고 있다&quot;고 보도했다.\r\n\r\n8일 영국 &#039;스카이스포츠&#039;도 &quot;우리가 파악한 바에 따르면, 솔샤르 감독이 맨체스터 유나이티드 지휘봉을 잃을 가능성이 없다. 11월 A매치 휴식 이후에 왓퍼드전을 준비하게 될 것&quot;이라며 솔샤르 감독 유임에 고개를 끄덕였다.\r\n\r\n하지만 라커룸 분위기는 흉흉하다. &#039;데일리 메일&#039;, &#039;맨체스터 이브닝뉴스&#039; 등에 따르면 호날두는 12년 전에 비해 선수단 퀄리티가 떨어졌다는 걸 알고 있지만, 수준 낮은 선수들과 코칭 스태프에 충격을 받았다. 브루노 페르난데스도 현재 팀에 구체적 계획이 없고, 오로지 현장에서 배우는 느낌만 받고 있다.\r\n\r\n호날두와 브루노 페르난데스를 제외한 선수들도 솔샤르 감독을 크게 신뢰하지 않는다. 마커스 래시포드는 독감으로 컨디션이 좋지 않은 상황에 경기를 뛰었다. 현지에서는 &#039;맨체스터 유나이티드 선수단이 혼란에 빠졌다&#039;며 총체적 난국 분위기를 짚었다.\r\n\r\n맨체스터 유나이티드는 올해 여름 &#039;월드클래스&#039; 보강을 했다. 레알 마드리드에서 라파엘 바란을 영입해 해리 매과이어의 완벽한 파트너를 데려왔다. 도르트문트에서 제이든 산초까지 영입해 퀄리티가 떨어졌던 측면에 힘을 더했다.\r\n\r\n크리스티아누 호날두까지 12년 만에 데려오면서 압도적인 화력을 기대했다. 중원에 확실한 수비형 미드필더를 보강하지 못했지만, 이름값은 엄청났다. 적절한 조합만 한다면 압도적이다. 일각에서는 이제야 프리미어리그 우승 경쟁에 도전할 수 있다는 희망까지 있었다.\r\n\r\n출발은 좋았지만 최근에 경기력이 물음표다. 챔피언스리그에서 호날두 맹활약에 역전승을 했는데, 프리미어리그에서 부진이 계속된다. 애스턴 빌라와 6라운드부터 6경기 동안 1승 1무 4패를 기록했다. 맨체스터 시티와 라이벌 매치에서도 무기력하게 0-2로 지면서 리그 6위까지 떨어졌다.', '2021-11-09 (11:35)', 0, '', '', ''),
(31, 'koeyhni', '김인혁', '황희찬에 밀린 근육맨 윙어에게 무슨 일이...&quot;트린캉보다는 나을텐데&quot;', '아다마 트라오레가 최근 들어 중용받지 못하고 있다.\r\n\r\n영국 &#039;디 애슬래틱&#039;은 8일(한국시간) &quot;트라오레는 최근 몇 주 동안 너무나도 적게 뛰었다. 한 달 전 뉴캐슬전에서 93분에 교체 투입되었고 에버튼전에서는 뛰지도 못했다. 물론 2-1로 2경기 모두 이겼지만 막판 20분은 긴장의 연속이었다. 트라오레가 나와서 공을 전진시키고, 압박을 분산시킬 수 있기에 충분히 현명한 교체였을 것&quot;이라면서 브루노 라지 감독의 선택에 아쉬움을 드러냈다.\r\n\r\n트라오레는 2019-20시즌부터 울버햄튼의 핵심 선수로 떠올랐다. 단단한 신체에서 나오는 드리블과 스피드는 프리미어리그(EPL) 수비수들에게 공포의 대상이었다. 라울 히메네스와 함께 팀의 공격을 이끌면서 빅클럽 이적설도 나왔다.\r\n\r\n이번 시즌에도 트라오레는 공격 포인트는 없었지만 경기장에서의 영향력만큼은 대단했다. 하지만 황희찬이 맹활약하기 시작한 시점부터 트라오레는 점차 출장시간이 줄어들고 있는 실정이다.\r\n\r\n트라오레가 공격 지역에서의 마무리 능력을 여전히 개선이 필요한 선수지만 개인 역량으로 수비진을 흔들고, 볼을 전진시키는 과정에 있어서는 EPL 최고 수준이기에 더욱 기회를 줘야 한다는 목소리가 나오고 있다. 트라오레 대신 출장하고 있는 프란시스코 트린캉이나 다니엘 포덴세가 트라오레보다 잘해주고 있다고 볼 수도 없기 때문이다.\r\n\r\n&#039;디 애슬래틱&#039;은 &quot;트라오레는 최소한 상대를 산만하게 만든다. 수비수들을 놀라게 만들 수 있다. 역습을 주로 펼칠 수 있는 경기였던 크리스탈 팰리스 원정 경기에서도 트린캉보다는 선발에 더 적합한 선수였다&quot;고 주장했다.\r\n\r\n트라오레가 선발에서 제외되는 시간이 길어지자 계약 기간과 관련된 문제가 아니냐는 이야기도 나오고 있다. 트라오레는 울버햄튼의 재계약 제안을 거절하고 있는 상황에서 지난 여름 토트넘과 이적설이 나왔다. 토트넘이 임대 후 완전 영입을 제안해 무산된 상황.\r\n\r\n트라오레가 재계약을 하지 않는다면 2022-23시즌이 끝나고 곧 떠날 선수이기에 다른 선수를 더욱 기용하고 있다는 것이다. 물론 라지 감독은 선수 기용과 계약의 문제는 철저히 분리해서 판단하고 있다며 부인한 상황이다. 트라오레가 계속해서 뛰지 못하는 시간이 길어진다면 이적설은 더욱 가속화될 전망이다.\r\n', '2021-11-09 (11:35)', 0, '', '', ''),
(32, 'koeyhni', '김인혁', '&quot;삼성전자, 내년 2월 8일 갤럭시S22 언팩&quot;', '삼성전자가 내년 2월 플래그십 스마트폰 갤럭시 S22를 선보일 것이라는 전망이 나왔다.\r\n\r\nIT 팁스터(정보 유출자) 존 프로서는 7일(현지시간) 자신의 트위터를 통해 삼성전자가 내년 2월8일 오전 10시(미국 동부 시간) 갤럭시 S22 라인업의 언팩 행사를 개최한다는 정보를 공개했다.\r\n\r\n그는 삼성전자가 같은날 사전예약을 시작해 내년 2월18일 갤럭시 S22를 출시할 것으로 전망했다.\r\n\r\n갤럭시 S 시리즈는 바(bar) 형태의 주력 플래그십 스마트폰이다. 화면 크기가 6.06인치인 S22와, 6.55인치인 S22 플러스, 6.81인치인 S22 울트라 등 3개 모델이 출시될 것으로 예상된다. 애플리케이션 프로세서(AP)는 삼성 엑시노스2200 또는 퀄컴 스냅드래곤 898이 장착될 것으로 전망된다.\r\n\r\nS22와 플러스 모델은 전작과 유사할 것으로 예상되지만 최상위 모델인 울트라의 외관에는 큰 변화가 있을 것으로 보인다. 노트 시리즈의 상징인 &#039;S펜&#039; 전용 슬롯이 추가되고 전체적인 외형도 노트와 비슷한 직사각 형태가 될 것이라는 전망이 나온다. 존 프로서는 이날 트위터에 S22 울트라의 실물로 추정되는 이미지를 공개했다.\r\n\r\n삼성전자는 통상 2월에 갤럭시S 시리즈를 공개했지만 올해에는 S21의 출시 일정을 1월로 앞당겼다. 이 전략은 삼성전자가 1분기 애플을 제치고 글로벌 스마트폰 점유율 1위에 오르는데 도움이 됐다는 평가를 받는다.\r\n\r\n시장에서는 삼성전자가 폴더블폰 Z 시리즈가 좋은 반응을 얻은 것에 대한 자신감으로 인해 S 시리즈의 출시 일정을 다시 2월로 돌린 것으로 보고 있다.\r\n\r\n한편 반도체 부족 사태로 &#039;출시 취소설&#039;까지 돌았던 갤럭시 S21 팬에디션(FE)은 내년 1월 출시될 것으로 보인다.\r\n\r\n존 프로서는 삼성전자가 내년 1월4일 S21의 언팩 행사를 열고 11일 정식 출시할 것으로 예측했다. FE는 프리미엄 기기의 사양을 조정해 저렴한 가격에 내놓는 보급형 모델이다.', '2021-11-09 (11:36)', 0, '', '', ''),
(33, 'koeyhni', '김인혁', '가짜 &#039;캡차&#039; 이미지로 악성 웹사이트 접속 유도…&#039;주의&#039;', '안랩(대표 강석균)은 사람과 로봇을 구별하기 위한 인증 수단인 &#039;캡차&#039;를 위장한 이미지로 악성 웹사이트 접속을 유도하는 &#039;피싱 PDF&#039; 문서를 발견했다며 9일 사용자 주의를 당부했다.\r\n\r\n캡차는 이용자가 실제 사람이 아니라 봇(bot) 등에 의한 비정상적 이용자를 구별한다. 사용자 인증, 문자 입력하기, 그림 맞추기 등 여러 방식을 활용해 정상 이용자를 판별하게 된다.\r\n\r\n안랩이 이번에 발견한 피싱 PDF 문서의 첫 페이지에는 악성 링크로 연결되는 캡차 위장 이미지가 포함돼 있다. 이어지는 페이지에는 의미 없는 내용의 문자가 무작위로 적혀있다는 설명이다.\r\n\r\n만약 사용자가 캡차 인증 이미지를 클릭하면 사용자의 접속 환경에 따라 공격자가 미리 설정한 악성 웹사이트로 자동 연결된다. 연결되는 웹사이트는 사용자 PC에 악성코드 다운로드, 악성 크롬 확장프로그램 설치 등을 유도하는 웹사이트부터 도박, 불법 성인물 사이트, 광고 웹사이트까지 다양하다. 현재 안랩 백신(V3)은 이번 피싱 PDF 문서 파일을 진단하고 있다.\r\n\r\n최수진 안랩 분석팀 선임연구원은 &quot;현재 가짜 캡차 이미지를 이용하는 수법의 악성 PDF 문서 파일이 문서의 내용만 조금씩 바꾸면서 퍼지고 있는 것으로 보인다&quot;며 &quot;사용자는 출처가 불분명한 파일이라면 호기심이 생기더라도 실행하지 말아야 한다&quot;고 말했다.', '2021-11-09 (11:37)', 0, '', '', ''),
(34, 'koeyhni', '김인혁', '&#039;요소 대란&#039;, 중국에 협조 요청한 한국대사관…돌아온 답', '요소수 부족 사태로 물류와 제철, 쓰레기 소각까지 산업과 생활 전반에 비상이 걸렸는데요, 이번 사태의 1차 원인이 된 중국의 요소 수출 통제 강화에 대해, 주중한국대사관 관계자는 &#039;언제 해제될지 예상하기 어렵다&#039;는 입장을 밝혔습니다.\r\n\r\n대사관 관계자는 중국 정부가 수출 전 검사조치를 도입한 이후 장하성 주중대사 이하 직원들이 총력을 다해 협조를 요청하고 있다며, 중국 측 반응은 &#039;연구·검토 중&#039;이라는 정도로 보면 될 것이라고 전했습니다.\r\n\r\n앞서 우리의 관세청 격인 중국 해관총서는 지난달 11일 29종의 비료 품목에 대한 수출 검역 관리방식을 바꿔 사실상 수출 통제에 들어갔는데요, 대한무역투자진흥공사, 코트라는 지난 1일자 보고서에서 &quot;여러 요인을 감안할 때 중국 내 비료 및 요소 생산 회복세를 기대하기 어렵다는 진단&quot;이라며 &quot;중국 내 공급이 개선되지 않으면 수출 제한조치는 한동안 지속될 것으로 우려된다&quot;고 전망했습니다.', '2021-11-09 (11:37)', 1, '', '', '');
INSERT INTO `board` (`num`, `id`, `name`, `subject`, `content`, `regist_day`, `hit`, `file_name`, `file_type`, `file_copied`) VALUES
(35, 'koeyhni', '김인혁', '6억서 17억원 된 이시언 청약 아파트···결혼 만큼 화제', '배우 이시언(39)이 연인 서지승(33)과 열애 4년 만에 크리스마스 결혼으로 결실을 맺게 된 가운데 두 사람의 신혼집도 화제에 올랐다. 특히 이시언이 거주 중인 서울 상도동 아파트는 최근 실거래가가 17억원을 넘어섰다.\r\n\r\n이시언 소속사 스토리제인컴퍼니는 8일 &quot;이시언이 서지승과 12월 25일 결혼식을 올릴 예정&quot;이라며 &quot;코로나19 시국과 배우의 사생활을 고려해 결혼식은 조용히 비공개로 진행할 것&quot;이라고 밝혔다.\r\n\r\n누리꾼들은 해당 소식을 접한 뒤 과거 이시언이 MBC &#039;나혼자산다&#039;에서 공개한 서울 동작구 상도동 아파트가 신혼집일 것으로 추측했다.\r\n\r\n앞서 이시언은 2019년 1월 방송에서 오랜 자취 끝에 청약에 당첨됐다고 밝히며 집 내부와 함께 청약 후일담을 공개힌 바 있다. 해당 아파트는 상도동 e편한세상 상도 노빌리티로 전해졌다.\r\n\r\n그는 당시 “7~8년 동안 주택청약통장에 3만원씩 입금했다”며 “사실 통장을 해지하려 했는데, 친구가 말렸다. 지하철에서 욕을 해서 어른이 역정을 내는 거 같았다”고 했다. 이시언이 당첨된 34평형의 분양가는 6억원대였으나 집값이 큰 폭으로 오르며 최근 실거래가가 17억원대에 달하는 것으로 파악됐다.\r\n\r\n이시언은 지난 8월 자신의 인스타그램에 &quot;살기 좋은 우리 동네 상도동&quot;이라며 한강대교 야경을 담은 사진을 함께 올리기도 했다.\r\n\r\n한편 배우 커플인 이시언과 서지승은 지난 2018년 2월 열애를 인정하고 4년간 사랑을 키웠다. 지난해 12월엔 이시언이 MBC &#039;나 혼자 산다&#039;를 하차하며 결혼설에 휩싸이기도 했다.\r\n\r\n이시언은 2001년 영화 &#039;신라의 달밤&#039;으로 데뷔해 드라마 ‘친구, 우리들의 전설’, ‘리멤버-아들의 전쟁’, ‘라이브’ 등에 출연했다. tvN 드라마 &#039;응답하라 1997&#039;로 주목을 받은 이시언은 &#039;나 혼자 산다&#039;를 통해 스타 덤에 올랐다. 그러나 지난해 12월 연기에 전념하겠다는 이유로 하차한 뒤 연극 &#039;완벽한 타인&#039;으로 관객을 만났다.\r\n\r\n프로게이머 서지수 동생인 서지승은 지난 2005년 드라마 ‘반올림2’로 데뷔해 영화 &#039;5백만불의 사나이&#039;, &#039;타인의 멜로디&#039;, &#039;간신&#039; 등으로 얼굴을 알렸다.', '2021-11-09 (11:38)', 0, '', '', ''),
(36, 'koeyhni', '김인혁', '김종국 &#039;로이더 의혹&#039; 제기한 유튜버, 또 다시 저격 &quot;내추럴 아니다&quot;', '가수 김종국의 로이더(약물로 근육을 키우는 사람) 의혹 일축에도 유튜버 겸 보디빌더 그렉 듀셋이 &quot;김종국은 내추럴이 아닌 HRT(호르몬 대체요법) 사용자&quot;라고 또 저격했습니다.\r\n\r\n그렉 듀셋은 지난 7일(현지시간) 자신의 유튜브 채널에서 &quot;김종국은 45세에 엄청난 몸 상태를 유지하고 있는데, 열심히 하니까 무조건 내추럴일까?&quot;라며 &quot;HRT 사용자일 거라고 했지만, 다른 약물일 수도 있다&quot;고 주장했습니다. 이어 &quot;나이, 몸 상태, 운동을 보고 내 지식을 토대로 추측한 내용&quot;이라고 말했습니다.\r\n\r\n또 &quot;내가 김종국을 질투한다는 댓글이 있는데, 내가 질투할 이유가 없다. 내가 아는 정보를 알려줬을 뿐이다&quot;라며 &quot;몸이 좋은 사람이 약물을 사용하는 게 놀랄 일은 아니다. 당연한 거다&quot;라고 언급했습니다.\r\n\r\n그는 &quot;나는 HRT 사용자다. 김종국도 그럴 거다. 이건 불법이 아니다. 난 전문 보디빌더이고 10세부터 46세까지 36년 운동 경력자임에도 내추럴이 아니다. 로이더는 로이더를 알 수 있다. 몸의 차이를 구분할 수 있다&quot;고 설명했습니다.\r\n\r\n김종국이 남성 호르몬 수치가 9.24라고 밝힌 것에 대해 &quot;대체 무슨 수치냐&quot;고 반문하기도 했습니다. 그는 &quot;테스토스테론이 정상보다 조금 높은 건데, 평균보다 높다면 오히려 HRT 사용을 시사하는 것&quot;이라고 말했습니다.\r\n\r\n그렉 듀셋은 &quot;개인적으로 김종국의 몸이 자연스럽지 못하다고 생각하지만 확신은 못한다&quot;며 &quot;운동과 식단만으로 만들어진 몸인지 아닌지는 김종국 본인만 알 것&quot;이라고 전했습니다.\r\n\r\n앞서 그렉 듀셋은 지난달 자신의 유튜브 채널에 &#039;김종국은 약물을 썼을까, 안 썼을까&#039;라는 제목의 영상을 올린 바 있습니다. 그는 해당 영상에서 김종국이 스테로이드를 통해 몸을 키웠다고 주장했습니다.\r\n\r\n이에 대해 김종국은 &quot;살다 살다 별 너무 재밌고 신나는 이슈&quot;라며 &quot;필요하다면 세상에 존재하는 모든 검사를 다 받아볼 것&quot;이라고 대응했습니다.', '2021-11-09 (11:39)', 0, '', '', ''),
(37, 'koeyhni', '김인혁', '&quot;물류 대란은 없다&quot; 정부, 한 달 분량 &#039;요소&#039; 수입 추진', '요소수 품귀현상으로 인해 연말 &#039;물류 대란&#039;이 우려됐지만 정부의 적극적인 움직임에 급한 불은 끌 수 있을 것으로 보인다.\r\n\r\n8일 정부와 자동차업계 등에 따르면 중국에서 요소 수입이 막히면서 국가적 재난사태 우려까지 불거졌지만 최근 정부가 베트남 등 대체수입선을 통해 자동차용 요소 1만톤 수입을 추진하고 있다. 국내 자동차용 요소 수요는 월 8000~9000톤으로 알려진 만큼 가장 우려했던 12월 요소수 대란은 없을 전망이다.\r\n\r\n산업용 요소수의 자동차용 전환 허용 여부도 이르면 이번주 안에 결론을 내며 환경부와 산업통상자원부, 경찰청 등 관계부처는 합동단속반을 꾸려 매점매석 등 불법 유통행위 차단에 나선다.\r\n\r\n이날 문재인 대통령도 요소수 대책마련에 모든 방법을 동원하라고 주문했다. 문 대통령은 “매점매석에 대한 철저한 단속과 함께 공공부문 여유분을 활용하는 등 국내 수급물량 관리에 만전을 기하는 한편 해외 물량 확보를 위한 외교적 노력에 총력을 다하라”고 지시했다.\r\n\r\n문 대통령은 이날 오전 참모회의에서 요소수 수급 안정을 위해 가용한 모든 방법을 동원해 국내외적으로 발빠르게 대응할 것을 주문하며 이 같이 밝혔다.\r\n', '2021-11-09 (11:39)', 0, '', '', ''),
(38, 'koeyhni', '김인혁', '중국, 미 항모 모형에 미사일 타격 시험', '허허벌판의 사막 한가운데 항공모함과 구축함 모형이 설치됐습니다.\r\n\r\n미 군사 전문 매체는 최근 중국군이 신장 자치구 뤄창 지역에 미국 3세대 핵항공모함과, 주력 전투함인 알레이버크급 유도 미사일 구축함 모형의 표적지를 세워 미사일 시험에 활용하고 있다고 보도했는데요.\r\n\r\n외신들은 대만과 남중국해 등을 두고 미국과 중국 양측의 긴장이 고조되는 상황에서 이번 모형은 미 해군에 맞서려는 중국의 의지를 보여준다고 덧붙였습니다.\r\n\r\n이 시각 세계였습니다.', '2021-11-09 (11:39)', 0, '', '', ''),
(39, 'koeyhni', '김인혁', '주식 앱 \'로빈후드\', 700만 이용자 개인정보 유출', '미국 주식 애플리케이션(앱) &#039;로빈후드&#039;가 해킹 공격을 받아 약 700만명에 달하는 이용자 개인정보를 유출했다. 로빈후드는 현재 공격자로부터 금전(랜섬) 지불을 요구 받는 중이다.\r\n\r\n9일(현지시간) AP 등 외신에 따르면 로빈후드 운영업체 로빈후드마켓은 최근 보안사고로 인해 이용자 개인정보가 유출됐다고 공지했다. 공격자가 접근한 이용자 개인정보는 이름과 이메일 주소이며 사회보장번호나 은행계좌번호, 체크카드번호 등은 노출되지 않았다고 설명했다.\r\n\r\n로빈후드마켓은 이용자가 이번 사고로 인해 금전적 손실을 겪은 사례는 아직 발견되지 않았지만 이용자 310명은 이름과 생년월일, 우편번호가 추가로 유출됐으며 이 가운데 10명은 더 광범위한 계정 정보가 유출 당했다고 밝혔다.\r\n\r\n로빈후드마켓 측은 성명을 통해 “외부인에 의해 금전 지불을 요구 받고 있다”면서 당국에 침해 사실을 신고하고 보안업체 맨디언트와 함께 이번 사고를 조사하고 있다고 알렸다.\r\n\r\n로빈후드는 지난해 10월에도 해킹 공격을 받았다. 당시 공격자는 로빈후드 이용자 계좌에 있는 주식을 팔아 불법 수익을 거뒀으며, 다크웹을 통해 이용자 계좌 정보를 3~30달러에 판매한 것으로 알려졌다.\r\n\r\n로빈후드마켓은 &#039;모두를 위한 투자&#039;, &#039;금융의 민주화&#039;를 슬로건으로 내세운 핀테크 스타트업이다. 2013년 스탠퍼드대 출신 바이주 바트와 블래디미어 테네브가 의적 로빈후드의 이름을 따 설립했으며 2015년 거래 수수료 없는 투자 플랫폼 로빈후드를 출시, 미국 주식시장에서 주목 받았다. 지난 9월 기준 활성 이용자는 약 1900만명이며 총 2200만명 이상이 로빈후드 플랫폼에서 계좌를 만들었다.', '2021-11-09 (11:40)', 0, '', '', ''),
(40, 'koeyhni', '김인혁', '독일 코로나19 확진자 급증 &quot;아동·청소년 감염 속도 빨라&quot;', '독일의 코로나19 감염률이 대유행이 시작된 이후 최고 수준으로 상승한 것으로 나타났다.\r\n\r\n로버트 코흐 연구소 통계에 따르면, 7일 기준 발병률은 201.1명(10만 명당 감염자 기준)으로 전년 12월 197.6명보다 높게 나타났다.\r\n\r\n코로나19 확진자는 전날 476만 7,033명에서 478만 2,546명으로 늘었다. 사망자는 33명 늘어나 9만 6,558명이었다.\r\n\r\n앞으로도 몇 주 동안 코로나19 상황이 나아질 기미가 없자 독일 병원들은 비상사태에 대비하고 있다.\r\n\r\n로이터 통신은 현지 언론을 인용해 병원들이 이미 일부 환자를 재배치하고 있다고 전했다.\r\n\r\n여기에 어린이와 청소년의 코로나19 감염 확산 속도가 빨라 우려를 낳고 있다. 이대로 가면 각급 학교에서의 유행이 통제 불능 상태에 이를 수 있다는 경고도 나왔다.\r\n\r\n독일 교사 조합은 &quot;어린이와 청소년 그룹 내 코로나19 확산 속도가 경악스러울 지경&quot;이라며 &quot;학교 발병이 너무 많아 통제할 수 없는 상황에 이를 위험이 크다&quot;고 우려했다.\r\n\r\n독일의 확진자 폭증 원인으로는 3개월째 60%에 머무는 백신 접종률이 꼽힌다. 1차 접종자는 전체 인구의 69.7%인 5,795만 명, 2차 접종자는 67.1%인 5,581만 명이다.\r\n\r\n현재 병원에 입원한 중증 환자의 90%는 백신 미접종자로 나타났다. ', '2021-11-09 (11:41)', 0, '', '', ''),
(41, 'jmkhan99', '강준모', '아무리 좋은 인연도', '아무리 좋은 인연도 서로의 노력없이는 오래 갈 수 없고,\r\n\r\n아무리 나쁜 인연도 서로가 노력하면 좋은 인연이 됩니다. ', '2021-11-09 (11:29)', 3, '', '', ''),
(42, 'jmkhan99', '강준모', '앞날이 두렵고 불안할수록', '앞날이 두렵고 불안할수록 마음을 신발처럼 가지런히 놓아보자꾸나\r\n\r\n- &#039;괜찮아, 조바심 내 필요없어&#039; 내용 중 -', '2021-11-09 (11:30)', 3, '', '', ''),
(43, 'jmkhan99', '강준모', '오늘의 감사', '볼 수 있고, 들을 수 있고, 만질 수 있고, 느낄 수 있다는 것에 오늘도 감사합니다. ', '2021-11-09 (11:31)', 4, '', '', ''),
(44, 'jmkhan99', '강준모', '따뜻한 말 한마디는', '따뜻한 말 한마디는 상처 입은 마음을 어루만져 주고 살아갈 용기를 주기도 해요.\r\n\r\n- &#039;가끔은 그렇게 살고 싶다&#039; 내용 중 -', '2021-11-09 (11:32)', 1, '', '', ''),
(45, 'jmkhan99', '강준모', '너무 슬퍼하지 말라 하네.', '너무 슬퍼하지 말라 하네. \r\n\r\n삶은 슬픔도 아름다운 기억으로 돌려주므로', '2021-11-09 (11:33)', 0, '', '', ''),
(46, 'jmkhan99', '강준모', '인생은...', '인생은 짧지도 않지만 그리 길지도 않습니다.\r\n\r\n내가 인생을 어떻게 보느냐에 따라 내 인생은 행복할 수도 불행할 수도 있습니다. \r\n\r\n- 산노을 -', '2021-11-09 (11:33)', 1, '', '', ''),
(47, 'jmkhan99', '강준모', '하루가 인생의 시작인 것 같은', '하루가 인생의 시작인 것 같은 기분으로 오늘을 보냅시다.', '2021-11-09 (11:34)', 2, '', '', ''),
(48, 'jmkhan99', '강준모', '마지막을 결정하는 것', '마지막은 마지막이 결정하는 것이 아니라 바로 지금이 결정하는 것입니다.\r\n\r\n인생의 아름다운 마무리는 지금을 마지막처럼 사는 것입니다. \r\n\r\n- 조정민 -', '2021-11-09 (11:35)', 1, '', '', ''),
(49, 'jmkhan99', '강준모', '시간이 지나면', '시간이 지나면 이것 또한 아무것도 아니다.\r\n\r\n그냥 있는 그대로의 나를 사랑하며 살았으면 좋겠다.', '2021-11-09 (11:36)', 2, '', '', ''),
(50, 'jmkhan99', '강준모', '인생이란', '인생이란 결국 자신의 삶을 뜨겁게 사랑하는 방법을 깨우치는 일이라는 것을\r\n\r\n- 양광모 -', '2021-11-09 (11:36)', 1, '', '', ''),
(51, 'jmkhan99', '강준모', '이젠 다 내려놓을 거야', '이젠 다 내려놓을 거야.\r\n\r\n싫어하면 할수록 힘든 것도 나고 미워할수록 괴로운 것도 나야.\r\n\r\n- 최동훈 -', '2021-11-09 (11:37)', 1, '', '', ''),
(52, 'jmkhan99', '강준모', '천국 만드는 방법', '천국 만드는 방법도 간단합니다.\r\n\r\n가까이 있는 사람 사랑하면 됩니다. 모든 것이 다 가까이에서 시작됩니다. ', '2021-11-09 (11:38)', 1, '', '', ''),
(53, 'jmkhan99', '강준모', '인연은 텃밭', '인연도 텃밭이에요.\r\n\r\n그래서 가꾸는 수고가 필요합니다.\r\n\r\n- 원재선 -', '2021-11-09 (11:38)', 1, '', '', ''),
(54, 'jmkhan99', '강준모', '마음이 아픈 날엔', '마음이 아픈 날엔 네 마음을 나무 위에 걸어 두렴.\r\n\r\n바람이 데려갈거야.', '2021-11-09 (11:39)', 1, '', '', ''),
(55, 'jmkhan99', '강준모', '마음에 담아두지 마세요.', '마음에 담아두지 마세요.\r\n\r\n흐르는 것은 흘러가게 놔두세요.', '2021-11-09 (11:39)', 0, '', '', ''),
(56, 'jmkhan99', '강준모', '훌훌 털어버렸으면 좋겠다', '덜 아프고, 덜 힘들고 조금 더 무뎌져서\r\n무슨 일이든 잘 이겨낼 수 있으면 좋겠다.\r\n\r\n훌훌 털어버렸으면 좋겠다.', '2021-11-09 (11:40)', 0, '', '', ''),
(57, 'jmkhan99', '강준모', '너무 많은 것을 속에 담아두지 않게', '너무 많은 것을 속에 담아두지 않게\r\n가끔은 펑펑 울어주고, 내 마음을 편하게 해줘야 합니다. ', '2021-11-09 (11:41)', 0, '', '', ''),
(58, 'jmkhan99', '강준모', '상처를 주면 상처로 돌아옵니다.', '상처를 주면 상처로 돌아오고, 희망을 주면 희망으로 돌아옵니다. ', '2021-11-09 (11:42)', 0, '', '', ''),
(59, 'jmkhan99', '강준모', '인생은 자전거를 타는 것과 같아요.', '인생은 자전거를 타는 것과 같아요. 균형을 잡으려면 움직여야 합니다. \r\n\r\n- 알버트 아인슈타인 -', '2021-11-09 (11:42)', 1, '', '', ''),
(60, 'jmkhan99', '강준모', '좋은 인연이란', '좋은 인연이란 시작이 아닌 끝이 좋은 인연입니다. ', '2021-11-09 (11:43)', 1, '', '', ''),
(61, 'tmdwn', '박승주', '쏘리 쏘리', 'Sorry Sorry Sorry Sorry\r\n내가 내가 내가 먼저\r\n네게 네게 네게 빠져\r\n빠져 빠져 버려 baby\r\nShawty Shawty Shawty Shawty\r\n눈이 부셔 부셔 부셔\r\n숨이 막혀 막혀 막혀\r\n내가 미쳐 미쳐 baby\r\n바라보는 눈빛 속에\r\n눈빛 속에 나는 마치\r\n나는 마치 뭐에 홀린 놈\r\n이젠 벗어나지도 못해\r\n걸어오는 너의 모습\r\n너의 모습 너는 마치\r\n내 심장을 밟고 왔나봐\r\n이젠 벗어나지도 못해', '2021-11-09 (11:27)', 0, '', '', ''),
(62, 'tmdwn', '박승주', 'Mirotic', '시간은 달콤하게 평범하게 나에게 끌려 언제나 그랬듯이\r\n먼저 말을 걸어와 모든 가능성 열어둬 워우워어어', '2021-11-09 (11:29)', 0, '', '', ''),
(63, 'tmdwn', '박승주', '다시만난세계', '사랑해 널 이 느낌 이대로\r\n그려 왔던 헤매임의 끝\r\n이 세상 속에서 반복되는\r\n슬픔 이젠 안녕\r\n수많은 알 수 없는 길 속에\r\n희미한 빛을 난 쫓아가\r\n언제까지라도 함께하는 거야\r\n다시 만난 나의 세계', '2021-11-09 (11:31)', 0, '', '', ''),
(64, 'tmdwn', '박승주', '누난너무예뻐', '누난 너무 예뻐 (그 그녀를 보는 나는) 미쳐\r\n(하 하지만 이젠 지쳐)\r\nMake up, shake up, break up\r\n추억이 내 맘을 할퀴어 (아 아파서 이젠 맘을) 고쳐\r\n(다 다가올 이별에 난)\r\nMake up, shake up, break up (We need a replay)', '2021-11-09 (11:32)', 0, '', '', ''),
(65, 'tmdwn', '박승주', '피노키오', '(난 지금 Danger)\r\n한 겹 두 겹 페스츄리처럼 얇게요\r\n(Danger) 스며들어 틈 사이 꿀처럼\r\n너는 피노키오\r\n너 밖에 모르는 내가 됐어\r\n아슬아슬 위태위태 시작되는 쇼!\r\n\r\n따랏따랏 땃따따 짜릿짜릿 할거다\r\n궁금투성이의 너 (꼼짝 마라 너)\r\n조각조각 땃따따 꺼내보고 땃따따\r\n맘에 들게 널 다시 조립할거야', '2021-11-09 (11:34)', 0, '', '', ''),
(66, 'tmdwn', '박승주', 'Ice Cream Cake', 'La La La La La -\r\n주세요 달콤한 그 맛 Ice Cream Cake\r\n특별해질 오늘에 어울리는 맛으로\r\n입가에 묻은 Ice Cream에\r\n네 가슴 두근거려 내게 다가 오겠죠\r\nIt&#039;s so tasty Come and chase me 못 참겠어\r\nI scream You scream Gimme that Gimme that Ice Cream X2\r\nI scream You scream Gimme that Gimme that', '2021-11-09 (11:35)', 0, '', '', ''),
(67, 'tmdwn', '박승주', '으르렁', '검은 그림자 내 안에 깨어나 널 보는 두 눈에 불꽃이 튄다\r\n그녀 곁에서 모두 다 물러나 이젠 조금씩 사나워진다\r\n나 으르렁 으르렁 으르렁 대 나 으르렁 으르렁 으르렁 대\r\n나 으르렁 으르렁 으르렁 대 너 물러서지 않으면 다쳐도 몰라\r\n', '2021-11-09 (11:36)', 0, '', '', ''),
(68, 'tmdwn', '박승주', 'Savage', 'Oh my gosh!\r\nDon&#039;t you know I&#039;m a Savage?\r\nI&#039;m a Killa 너를 깰 ae\r\n아직도 가리고 환각을 펼친 너\r\n팰라 We Holler\r\n두렵지 않아 너 너 Hit you harder\r\n날 밀어 넣어 Deep fake on me\r\n준비가 안된 무대로\r\n몰아넣어 Fake on me\r\nGot everybody mock up to me', '2021-11-09 (11:38)', 0, '', '', ''),
(69, 'tmdwn', '박승주', 'Weekend', '가장 가까운 바다\r\n혼자만의 영화관\r\n그냥 이끌리는 대로 해도 괜찮으니까\r\nEvery morning 울린\r\nBeep beep beep beep 소리\r\n귀에 윙윙윙 맴도는\r\n나를 재촉하던 모닝콜 없이 일어나\r\nCheese cake 한 입\r\n유리컵 한가득\r\n내린 커피 한 잔\r\n아이스로 할래 아주 여유롭게', '2021-11-09 (11:39)', 0, '', '', ''),
(70, 'tmdwn', '박승주', 'Twinkle', '숨겨도 twinkle 어쩌나\r\n눈에 확 띄잖아\r\n베일에 싸여 있어도\r\n나는 twinkle 티가 나\r\n딴 사람들도 다\r\n빛나는 나를 좋아해\r\n끝까지 경계해야 해\r\n보석을 훔친 너잖아', '2021-11-09 (11:40)', 0, '', '', ''),
(71, 'kyk0630', '고영관', '신규확진 1천715명, 위중증 425명…위중증환자 74일만에 최다치', '단계적 일상회복으로 국내 코로나19 재확산이 우려되는 가운데 9일 신규 확진자수는 전날에 이어 이틀째 1천700명대를 나타냈다.\r\n\r\n중앙방역대책본부는 이날 0시 기준으로 신규 확진자가 1천715명 늘어 누적 38만3천407명이라고 밝혔다.\r\n\r\n전날(1천758명·당초 1천760명에서 정정)보다 43명 줄면서 이틀 연속 2천명 밑으로 내려왔으나, 지난주 월요일(발표일 기준 2일) 신규 확진자 1천589명보다는 126명 많다.\r\n\r\n신규 확진자 수는 지난 3일(2천667명) 하루 새 1천명이 넘게 폭증해 2천명대 중후반까지 올라선 이후 7일까지 닷새 연속 2천명대를 이어갔다. 다만 검사 건수가 줄어드는 주말·휴일을 거치면서 이번주 초반 확진자 수도 다소 감소한 것으로 보인다.\r\n\r\n이달 1일 단계적 일상회복 시행 이후 1주일가량이 지난 이번 주 중반부터는 방역완화 효과가 본격적으로 나타나면서 확진자가 다시 증가할 수 있다는 전망도 나온다.\r\n\r\n확진자수는 전날보다 줄었지만 위중증 환자는 전날(409명)보다 16명 늘면서 425명을 기록했다.\r\n\r\n이는 4차 대유행이 한창이던 지난 8월 27일(427명) 이후 74일 만에 가장 많은 수치다. 관련 집계가 시작된 지난해 6월 이후 국내 최다치는 지난 8월 25일의 434명이었다.\r\n\r\n특히 최근 신규 확진자 가운데 60대 이상 고령층 비율이 계속 늘고 있고, 고령층에게 취약한 계절인 겨울철로 접어들면서 위중증 환자 역시 늘고 있는 추세다.\r\n\r\n최근 1주간 위중증 환자 수를 일별로 보면 378명→365명→382명→411명→405명→409명→425명으로 최근 나흘 연속 400명대 증가세를 보이고 있다.\r\n\r\n사망자는 18명으로, 역시 전날보다 5명 증가해 누적 사망자수는 총 2천998명이 됐다. 최근 일일 사망자 수는 연일 두 자릿수를 기록하면서 누적 확진자 수가 3천명에 육박했다. 평균 치명률은 0.78%다.', '2021-11-09 (10:05)', 4, '2019_01_11_21_00_59.jpg', 'image/jpeg', '2021_11_09_10_05_43.jpg'),
(72, 'kyk0630', '고영관', '전국 휘발유 ℓ당 1천800원 넘어…정유업계 &quot;유류세 인하 즉각 반영&quot;', '7년 만에 최고점 경신…소비자 실제 체감에는 다소 시간 걸릴듯\r\n\r\n\r\n(서울=연합뉴스) 김영신 기자 = 정부의 유류세 인하를 앞두고 전국 휘발유 평균 가격이 지난 주말을 기점으로 ℓ당 1천800원을 넘어섰다.\r\n\r\n정유업계는 유류세 인하분을 즉각 반영해 소비자들이 최대한 빨리 체감할 수 있도록 적극 협조한다는 계획이지만, 이미 높은 가격에 더해 재고 소진에도 시간이 걸리는 점을 감안하면 실제 체감까지는 다소 시일이 걸릴 것으로 보인다.\r\n\r\n9일 한국석유공사 유가정보서비스 오피넷에 따르면 지난주 ℓ당 1천788원으로 마감됐던 전국 휘발유 평균 가격은 지난 6일부터 1천800원을 돌파했다.\r\n\r\n일별로 보면 6일 1천801원, 7일 1천803원, 8일 1천805원에 이어 이날은 1천806.5원을 기록하고 있다.\r\n\r\n전국 최고가 지역인 서울 휘발유 가격은 이날 기준 ℓ당 1천885원까지 올랐다.', '2021-11-09 (11:26)', 0, '2018_12_30_20_07_45.php', 'application/octet-stream', '2021_11_09_11_26_01.php'),
(73, 'kyk0630', '고영관', '`비트코인 투더 문` 비트코인 67,000달러 돌파...사상 최고가 경신', '&quot;비트코인, 인플레이션 헤지 수단으로 주목&quot;\r\n&quot;이더리움, NFT·디파이 성장으로 신고가 경신&quot;\r\n&quot;가상화폐 전체 시가총액 3조 달러 돌파&quot;\r\n비트코인이 6만 7천 달러 선을 돌파하면서 사상 최고가를 경신한 것으로 확인됐다.\r\n\r\n8일(현지시간) 코인데스크에 따르면 오전 8시 43분(한국시간) 기준 비트코인은 전일 대비 7% 넘게 오르며 67,604.50달러에 거래되고 있다.\r\n코인데스크는 비트코인 가격 상승 배경에 높은 물가 상승률이 있다고 분석했다.\r\n\r\n앞서 팬데믹 이후 글로벌 공급망 병목 현상이 심화되자 전 세계적으로 높은 인플레이션이 발생한 바 있다.\r\n\r\n이를 두고 제롬 파월 연방준비제도(Fed) 의장은 &quot;인플레이션이 예상과는 다르게 장기화 될 가능성이 커졌다&quot;면서 &quot;내년 중에 점차 안정적인 수준으로 완화될 것&quot;이라고 밝힌 바 있다.\r\n\r\n한편 높은 물가 상승률이 지속될 것이란 전망과 함께 비트코인이 인플레이션 헤지 수단으로 떠오르고 있다.\r\n\r\n그동안 인플레이션 헤지 수단으로 금이 주목을 받아왔지만, 비트코인이 가지고 있는 `제한된 공급량`이라는 특수성에 투자자들이 눈을 돌리면서 인플레이션 방어책으로 각광을 받고 있는 상황이다.', '2021-11-09 (11:26)', 0, '2018_12_31_01_52_52.php', 'application/octet-stream', '2021_11_09_11_26_53.php'),
(74, 'kyk0630', '고영관', '1등 1천만원 &#039;오징어게임&#039;...오는 24일 열린다', '강릉 세인트존스 호텔, 위드 코로나 맞춰 &#039;세인트 게임&#039; 개최\r\n오는 24일 호텔 야외에서 진행...&#039;오징어 게임&#039; 재현\r\n최후 1등 1인에게 1천만원 지급\r\n\r\n넷플릭스 드라마 &#039;오징어 게임&#039;이 공전의 히트를 누리면서 여기에 착안했던 한 대형 호텔의 이벤트가 다시 추진된다.\r\n\r\n강릉 세인트존스 호텔은 11월1일부터 이른바 &#039;위드 코로나&#039;가 시행되면서 이에 맞춰 오는 21일 &#039;세인트 게임&#039;을 개최한다고 밝혔다.\r\n\r\n지난달 12일 개최할 예정이었던 이번 이벤트는 당시에는 거리두기 3단계가 적용되었던 시점이어서 강릉시는 집합 금지 행정명령을 받아 취소된 바 있다.\r\n\r\n호텔측은 총 456명을 대상으로 드라마 속에 나온 게임을 진행해 최후 우승자 1명에게 상금 1천만원을 지급할 계획이다.\r\n', '2021-11-09 (11:27)', 0, '2018_12_31_02_20_34.php', 'application/octet-stream', '2021_11_09_11_27_38.php'),
(75, 'kyk0630', '고영관', '춥고 비 내리는 아침…벌써 &#039;겨울추위&#039;', '9일 아침은 기온이 뚝 떨어져 쌀쌀한 데다가 전국이 흐리고 중부지방을 중심으로 비가 내리면서 초겨울 날씨였다.\r\n\r\n기상청에 따르면 이날 강원 영동지역을 뺀 중부지방과 전북, 경북 북부 내륙지역 등에는 5~20㎜의 비가 오락가락 내리겠다.\r\n\r\n전남 서부지역과 제주에는 5㎜ 안팎의 비가 오겠고 전남 동부지역과 경남 서부 내륙지역, 경북 남부 내륙지역에는 빗방울이 좀 떨어지겠다.\r\n\r\n강원·경북북동·제주 산지와 강원 내륙지역엔 눈이 예보됐다.\r\n\r\n강원 산지엔 눈이 3~10㎝, 나머지 지역엔 1~5㎝ 쌓일 것으로 예상된다.\r\n\r\n강원 산지엔 이날 대설특보가 발령될 수 있겠다.\r\n\r\n대설특보는 주의보와 경보로 나뉘며 주의보는 &#039;24시간 신적설(특정 시간에 내려 쌓인 눈)이 5㎝ 이상 예상될 때&#039;, 경보는 &#039;24시간 신적설이 20㎝(산지는 30㎝) 이상 예상될 때&#039; 내려진다.\r\n\r\n강원 산지는 이날까지 순간풍속이 시속 90㎞에 달하는 매우 강한 바람이 부는 곳이 있겠으니 안전사고에 유의해야 한다.\r\n\r\n이날 아침기온은 전날(2.0~9.4도)보다 7~12도 떨어지며 대부분 지역에서 5도 밑으로 내려갔다.\r\n\r\n주요도시 오전 8시 기온을 보면 서울 3.7도, 인천 3.9도, 대전 6.6도, 광주 8.6도, 대구 8.7도, 울산 7.0도, 부산 8.6도다.\r\n\r\n낮기온은 8~15도로 계속 쌀쌀하겠다.\r\n\r\n낮기온도 전날(11.9~21.6도)에 견줘 5도 안팎 떨어지는 것이다.\r\n\r\n기상청은 당분간 찬 공기가 지속해서 유입되면서 대부분 지역 아침기온이 5도를 밑도는 추위가 이어질 것으로 내다봤다.\r\n\r\n특히 경기 북부지역과 강원 내륙·산지는 아침기온이 영하로 내려가겠다.', '2021-11-09 (11:28)', 0, '2018_12_31_02_22_35.php', 'application/octet-stream', '2021_11_09_11_28_53.php'),
(76, 'kyk0630', '고영관', '충북 음성 농장서 `고병원성 조류인플루엔자 의심축 발견`', '고병원 AI 판단은 3일가량 걸릴 것으로 보여\r\n\r\n충북 음성 소재 메추리 농장에서 고병원성 조류인플루엔자 의심축이 확인됐다. 고병원성 여부는 1~3일 이후에 확인될 것으로 보인다.\r\n\r\n9일 농림축산식품부 고병원성 조류인플루엔자 중앙사고수습본부는 충북 음성에 위치한 메추리 농장에서 고병원성 조류인플루엔자 의심축이 확인됐다고 밝혔다.\r\n\r\n중수본 측은 &quot;고병원성 조류인플루엔자 의심축이 확인된 즉시 초동대응팀을 현장에 투입해 해당 농장에 출입 통제, 예방적 살처분, 역학조사 등 선제적 방역조치를 실시하고 있다&quot;며 &quot;현재 정밀검사를 진행해 고병원성 여부는 1~3일 이후 나올 예정&quot;이라고 밝혔다.\r\n\r\n환경부 관계자는 &quot;의심축은 갑자기 폐사한 개체로, 고병원성 조류인플루엔자가 의심되어 검사 결과 항원이 발견돼 정밀 검사를 진행하는 상황&quot;이라고 설명했다.\r\n\r\n중수본은 &quot;축산농가와 축산관계자는 고병원성 조류인플루엔자 발생 및 전파 방지를 위한 농장 및 관련시설 소득 등 방역조치를 철저히 하고, 의심증상이 없는지 면밀히 관찰하기를 바란다&quot;며 &quot;사육 가금에 이상이 있는 경우 즉시 방역당국에 신고해야 한다&quot;고 요청했다. ', '2021-11-09 (11:29)', 0, '2018_12_31_02_22_35.php', 'application/octet-stream', '2021_11_09_11_29_54.php'),
(77, 'kyk0630', '고영관', '수도권 상위 20% 아파트값, &#039;대출 금지선&#039; 15억원 넘었다', 'KB통계로 1년만에 2억7천500만원↑…서울은 23억원 돌파\r\n서울 중산층, 월급 18.5년 모아야 중간가격 주택 구매 가능 \r\n\r\n수도권 아파트값이 올해 가파르게 오르면서 상위 20%의 아파트값도 처음으로 15억원을 돌파했다.\r\n\r\n9일 KB국민은행 월간 주택가격 동향 시계열 통계에 따르면 지난달 수도권 5분위(상위 20%) 아파트값은 평균 15억307만원으로, 관련 통계가 집계·공개되기 시작한 이래 역대 최고치를 기록했다.\r\n\r\n수도권 5분위 아파트값은 2019년 8월(10억297만원)에 평균 10억원을 넘은 뒤 작년 2월(11억359만원) 11억원을 돌파하며 반년 만에 1억원 넘게 올랐다. 그 후 7개월 만인 작년 9월(12억1천991만원) 12억원을 돌파했고, 이로부터 불과 4개월 만인 올해 1월(13억1천326만원)에 13억원도 넘어섰다.\r\n\r\n또 5개월 만인 올해 6월(14억1천616만원) 14억원을 넘은 데 이어 4개월 만에 다시 15억원 선을 돌파했다.\r\n\r\n1년 전인 작년 10월(12억2천754만원)과 비교하면 2억7천553만원 올랐다.\r\n\r\n현 정부가 들어선 2017년 5월(7억2천133만원) 대비로는 2.1배 가까이 올랐다.', '2021-11-09 (11:32)', 0, '2018_12_31_02_23_20.php', 'application/octet-stream', '2021_11_09_11_32_18.php'),
(78, 'kyk0630', '고영관', '백신 임상시험 부실 의혹에 화이자 &quot;내부 검토 중...그래도 부스터샷 필요해&quot;', '&quot;BMJ가 분석 요청 안한 것 아쉬워&quot;\r\n화이자가 최근 파문이 일고 있는 코로나19 백신 임상시험 의혹과 관련해 내부 검토 중이란 입장을 밝혔다.\r\n\r\n랄프 르네 라이너르트 글로벌 화이자 백신사업부 의학부 사장은 8일 국내 기자 대상 강연에서 “해당 내용을 인지하고 있다”며 “의혹에 대해 검토하고 있으며 관련 절차를 진행 중”이라고 해명했다.', '2021-11-09 (11:32)', 0, '2018_12_31_02_34_28.php', 'application/octet-stream', '2021_11_09_11_32_55.php'),
(79, 'kyk0630', '고영관', '제2의 테슬라 ‘리비안’ 일반 고객에도 전기차 판다', '상장 앞두고 차량판매 계획 공개…2023년초부터 배송\r\n&#039;제2의 테슬라&#039;라고 불리는 리비안이 아마존과의 독점 계약을 넘어, 향후 일반 고객에게도 전기차를 판매할 것이라고 밝혔다고 더버지 등 외신들이 8일(이하 현지시간) 보도했다.\r\n\r\n오는 10일 미국 나스닥 시장에 상장하는 전기차 스타트업 리비안은 최근 웹사이트를 통해 향후 차량 판매 계획을 발표했다. 회사 측은 2022년 전기차 인도를 시작해 2023년 초에는 일반 고객에게 전기 픽업트럭 R1T, 전기 SUV R1S을 배송할 것이라고 밝혔다.\r\n리비안은 아마존과 2024년까지 전기트럭 10만대 공급 계약을 맺은 후 제2의 테슬라로 떠오른 스타트업이다. 2009년 미국 매사추세츠공대 출신 창업자 R J 스캐린지가 설립해 아마존, 포드의 투자를 받았고, 아마존이 지분 20%를 보유하고 있다.\r\n\r\n리비안이 올해 기업상장 계획을 미 증권거래위원회(SEC)에 제출했을 당시, 아마존에 최소 4년간 자사 전기 트럭을 제공하는 독점 계약을 체결한 것으로 알려졌다. 아마존이나 리비안 양 측 모두 양사의 독점 계약에 대해 밝히지는 않은 상태다.\r\n\r\n하지만, 최근 공개된 정보로 리비안이 아마존 이외의 다른 고객에게도 전기차를 판매할 계획이라는 것이 알려지며, 아마존과의 독점 계약이 약간의 여지가 있다는 것을 의미한다고 외신들은 전했다.\r\n\r\n또, 리비안이 아마존이 아닌 일반 고객에게도 전기차를 판매하면 단기간에 더 많은 수익을 얻을 수 있을 것으로 보인다고 더버지는 평했다.', '2021-11-09 (11:33)', 0, '2019_01_11_08_04_25.pdf', 'application/pdf', '2021_11_09_11_33_56.pdf'),
(80, 'kyk0630', '고영관', '與, 전국민재난지원금 내년 예산안에 반영키로…&quot;내년 1월 지급&quot;', '초과세수 내년 세입에 반영해 재원으로…1인당 20만~25만원 전망\r\n전국민 재난지원금 대신 &#039;전국민 위드코로나 방역지원금&#039;으로\r\n\r\n\r\n(서울=연합뉴스) 강병철 기자 = 더불어민주당이 이재명 후보가 제안한 전국민 재난지원금을 &#039;전국민 위드코로나 방역지원금&#039; 명칭으로 내년도 예산안에 편성해 내년 1월에 지급키로 했다.\r\n\r\n올해 추가 세수를 재원으로 한다는 방침으로, 추가로 국채를 발행하지 않을 경우 1인당 20만~25만원 정도 지급이 가능할 것으로 민주당은 보고 있다.\r\n\r\n윤호중 원내대표는 9일 국회 원내대책회의에서 &quot;국민의 일상 회복과 개인 방역을 지원하기 위해 전국민 위드코로나 방역 지원금의 지급을 추진하겠다&quot;고 밝혔다.\r\n\r\n그러면서 &quot;내년 예산에 반영해 내년 1월 회계연도가 시작되면 최대한 빨리 국민에 지급해, 개인 방역에 힘쓰고 있는 국민의 방역물품 구매와 일상 회복을 지원하게 될 것&quot;이라고 말했다.\r\n\r\n윤 원내대표는 재원과 관련, &quot;초과 세수분을 유예, 내년 세입을 늘려서 충당할 수 있을 것&quot;이라면서 &quot;지원금의 구체적인 지급 규모와 시기, 재원, 절차 등에 대한 논의가 매끄럽게 이뤄질 수 있도록 여야정 협의를 지속하겠다&quot;고 말했다.\r\n\r\n박완주 정책위의장은 &quot;위드코로나 방역 지원금은 고통 감내에 대한 지원금도, 소비 진작을 위한 것도 아니라 방역 물품을 지원하는 지원금&quot;이라면서 &quot;단계적인 일상회복을 이행하도록 추진코자 하는 것&quot;이라고 말했다.\r\n\r\n민주당의 전국민 재난지원금 내년 예산 반영 및 지급 추진은 이재명 대선 후보의 요구에 따른 것이다. 이 후보는 지난달 말 전국민 재난지원금 추진을 공식화했으며 이어 1인당 최소 30만~50만원은 돼야 한다고 말했다.\r\n\r\n또 지난 4일에는 연합뉴스와의 통화에서 추가로 국채를 발행하지 않고 초과 세수를 재원으로 내년도 예산안에 반영해야 한다는 방침을 밝힌 바 있다.\r\n\r\n다만 최대 15조 정도 예상되는 추가 세수를 고려할 때 금액은 이 후보가 밝힌 것보다는 다소 줄어들 것으로 전망된다.\r\n\r\n박완주 의장은 전날 기자간담회에서 &quot;추가 세수가 대략 10조∼15조원 정도면 전 국민에 가능한 금액은 20만∼25만원 정도&quot;라고 말했다.\r\n\r\n한편 신현영 원내대변인은 전국민 재난지원금 명칭을 &#039;전국민 위드코로나 방역지원금&#039;으로 한 것에 대해 기자들과 만나 &quot;예산을 합의해서 처리해야 하는 과정에서 초과 세수분을 국민에게 어떻게 돌려드릴까에 대한 고민의 일환&quot;이라고 말했다.\r\n', '2021-11-09 (11:34)', 0, '', '', ''),
(81, 'kyk0630', '고영관', '악평에도 마블 &#039;이터널스&#039; 美서 첫 주말 840억원 벌어', '개봉 첫 주말 동안 전 세계에서 2000억원 매출올려\r\n무리한 플롯·캐릭터 설정에 평론가들 반응은 싸늘\r\n\r\n마블의 블록버스터 영화 ‘이터널스’가 평론가들의 쓴소리에도 개봉 첫 주말 미국 박스오피스에서 7100만달러(840억원)의 수익을 올렸다. 이로써 코로나19 팬데믹(대유행) 이후 미국에서 4번째로 많은 개봉 매출을 기록했다.\r\n\r\n7일(이하 현지시간) CNBC에 따르면 지난 5일 개봉한 이터널스는 같은 기간 전 세계에서 1억6170만달러(약 1913억원)의 ‘티켓 파워’를 보여줬다.\r\n\r\n이터널스는 다양한 성별·인종 등을 아우르는 캐스팅으로 관심을 받았지만, 무리한 플롯과 캐릭터 설정 등으로 평론가들에게 혹평을 받았다. 미국 CNN은 이터널스가 영화 비평사이트 로튼토마토에서 마블 영화 중 최악의 성적인 신선도 점수 48%를 받았다고 전했다.\r\n\r\n이러한 악평에도 이터널스가 성공적 개봉을 마칠 수 있었던 이유로 CNBC는 마블 시리즈에 대한 팬들의 로열티를 꼽았다. 박스오피스 집계업체 컴스코어의 폴 더가러브디언 미디어 분석가는 “마블 시리즈는 지난 13년 동안 마블에 충성심을 보여온 팬들에게 가장 매력적인 영화”라고 설명했다.\r\n\r\n영화는 수천년간 생존해온 영웅인 이터널스 10명에 대한 이야기로, 마동석(돈 리)과 안젤리나 졸리, 리처드 매든 등이 출연했다. 올해 미국 아카데미 시상식에서 작품상과 감독상을 받은 영화 ‘노매드랜드’의 클로이 자오 감독이 연출했다.\r\n\r\n한편, 이터널스는 영국, 프랑스, 독일, 한국, 호주와 같은 주요 시장에서는 개봉됐지만, 가장 큰 박스오피스 수익을 올릴 수 있는 중국에서는 아직 출시 여부가 정해지지 않았다.', '2021-11-09 (11:35)', 0, '', '', ''),
(82, 'kyk0630', '고영관', '백신 맞고 8억 돈벼락…백신복권 당첨된 중국계 여성', '호주에서 코로나 백신 접종률을 높이기 위해 도입한 ‘백신 복권’의 당첨자가 나왔다. 274만 명의 경쟁을 뚫고 100만 호주달러(약 8억 7000만 원)에 당첨된 주인공은 20대 중국계 여성으로 확인됐다.\r\n\r\n7일(현지시간) 호주 매체 나인뉴스 등에 따르면 호주의 백신 복권 1등 당첨자는 약 10년간 호주에서 거주한 조앤 주(25)로 밝혀졌다.\r\n\r\n1등 당첨금으로 100만 호주달러를 받게 된 주는 현지 언론과의 인터뷰에서 “내가 꿈을 꾸고 있나. 이게 진짜냐. 믿을 수 없다”며 “부재중 전화가 찍혀 있길래 회신했더니 100만 달러(약 8억7000만원)에 당첨됐다고 했다”며 벅찬 소감을 전했다.\r\n\r\n당첨금을 어디에 사용하고 싶냐는 질문에 주는 “당첨금으로 중국에 있는 가족들을 호주로 데려올 것”이라며 “코로나19로 2년 가까이 부모님을 만나지 못했다. 하늘길이 열리면 중국에 있는 가족을 비행기 일등석에 태워 호주의 5성급 호텔에서 중국의 최대 명절 춘절(春節)을 보내고 싶다”라고 밝혔다.\r\n\r\n그러면서 “남은 돈은 미래에 더 많은 돈을 벌고 도움이 필요한 사람들을 돕기 위해 투자를 통해 불려 나갈 계획”이라고 설명했다.\r\n‘밀리언달러 백신’은 호주 정부가 전 국민 접종률 80%를 목표로 추진한 백신 장려책이다. 여러 기부단체와 일부 기업이 ‘Million Dollar Vax Alliance’라는 연합을 결성해 410만 호주달러(약 36억)의 기금을 모았다.\r\n\r\n이 기금을 활용해 1등에게는 100만 호주달러를 주고 매일 한 명씩 추첨해 1000 호주달러(약 87만원) 상당의 상품권을 지급해왔다. 응모 자격은 1·2차 백신 중 한 번 이상 접종 받은 18세 이상의 호주 거주민으로 제한했다.\r\n\r\n호주 당국에 따르면 지난달 3일부터 31일까지 복권 응모가 진행되는 동안 274만 4974명의 호주인이 백신 1차에 접종했다. 이로 인해 1차 접종률도 78.5%에서 88.3%까지 올랐다고 당국은 발표했다. 이번에 당첨된 조앤도 응모 기간 중 백신을 접종한 것으로 알려졌다.\r\n\r\n캠페인을 주도한 IT업계 유명 인사 크레이그 윙클러는 “이 캠페인으로 목표를 달성해 뿌듯하다”며 “캠페인 덕분에 마지막 날에만 10만 명이 넘는 사람이 추가로 백신을 맞았다”고 밝혔다.\r\n\r\n한편 호주는 코로나바이러스감염증으로 폐쇄했던 국경을 약 18개월 만인 지난 1일 개방했다.\r\n', '2021-11-09 (11:36)', 0, '', '', ''),
(83, 'kyk0630', '고영관', '&quot;델타변이가 자멸했다고? 왜 일본에서만?&quot;…日전문가 답변이 황당한 이유', '일본 코로나 확진자 급감한 배경 의견 분분…\r\n전문가들 &quot;진짜 이유를 모르겠다&quot; 입 모아,\r\n&#039;백신·바이러스·방역&#039; 등 머리 짜낸 추론은 한계 있어\r\n\r\n일본의 신종 코로나바이러스 감염증(코로나19) 확진자 수가 갑자기 급감한 배경을 놓고 의견이 분분하다. 감염증 전문가들 조차도 뾰족한 해답을 내놓지 못해 국민들의 의구심만 커지고 있다. 일본 정부가 통계를 왜곡하고 있다는 주장까지 나온다.\r\n\r\n일본의 일일 확진자 수는 지난 8월까지만해도 2만5000명을 넘었지만 9월 중순 들어 급격히 줄기 시작하더니 지난달부터는 1000명 아래로 뚝 떨어졌다. 이달 들어서는 하루 기준 확진자 수 100~300명대를 기록하고 있다. 지난 7일엔 1년 3개월 만에 코로나 사망자 수 &#039;0명&#039;을 기록했다.\r\n\r\n이는 매일 2000명 안팎 확진자가 나오는 한국의 10분의 1 수준이다. 일본 전체 인구수가 1억2605만여명으로 한국(5180만여명)의 2배 이상이라는 점을 감안하면 상당한 차이다. \r\n\r\n이와 관련 일본 유력지인 니혼게이자이신문(닛케이)은 지난 8일 감염증 분야 전문가들의 견해를 정리해 보도했다. 전문가들은 &quot;최근 3개월 간 일본의 코로나19 확진자 수가 급감한 원인을 정확히는 알 수 없다&quot;고 공통된 목소리를 내면서도 △일시적 집단 면역 △델타 변이 자멸 △철저한 개인 방역 등 각 자의 추론을 공개했다.\r\n\r\n다테다 가즈히로 도호대학 교수는 백신 접종과 무증상 확진 등을 통한 일시적 집단 면역 효과에 주목했다. 그는 &quot;백신은 2차 접종 2주 이후 효과가 강해지는데 일본이 지난 7월부터 64세 이하 접종이 본격화 돼 수천만명의 면역 집단이 형성됐다&quot;며 &quot;이 시기가 델타감염 확산 시기와 겹치면서 젊은층 무증상 확진자까지 더해져 면역을 가진 사람들이 급증했다&quot;고 주장했다. 집단 면역 효과가 두드러져 지난 8월 중순 이후 감염자가 급감했다는 풀이다.\r\n\r\n다른 선진국에 비해 일본의 백신 접종이 늦었던 것이 &#039;신의 한 수&#039; 였다는 분석도 덧붙였다. 다테다 교수는 &quot;영국, 이스라엘 등 백신 접종이 빨랐던 국가는 면역력이 약해지는 시기에 델타 변이에 노출돼 확진자가 늘었다&quot;며 &quot;일본은 접종 시점이 늦어 오히려 효과를 봤다&quot;고 설명했다.\r\n\r\n마쓰우라 요시하루 오사카대학 특임교수는 델타변이가 약화됐다고 봤다. 그는 &quot;백신만으로는 최근의 확진자 급감을 설명할 수 없다&quot;며 &quot;바이러스 쪽에서 이유를 찾아야 한다&quot;고 말했다. 마쓰우라 교수는 이어 &quot;강한 전염력을 가졌던 델타 변이가 지속적으로 변이를 일으키면서 인간 감염에 필요한 물질을 만드는 유전 정보가 망가져 자멸했을 수 있다&quot;고 주장했다.\r\n\r\n구로키 도시오 도쿄대학 명예교수도 지난 7~8월 5차 유행 당시 델타형 바이러스가 변이를 반복하다 감염력 상실했을 가능성을 제기했다.\r\n\r\n일본 국민들의 철저한 개인 방역을 확진자 급감 배경으로 본 전문가도 있다. 다테다 교수는 &quot;일본 국민들은 마스크를 착용하는데다 밀집을 피하고 공기를 충분히 환기한다&quot;며 &quot;지난 9월말 비상사태 선포 해제 후에도 회식이나 모임을 자제하는 등 종전의 방역 대책을 단번에 늦추지 않고 있다&quot;고 설명했다.\r\n\r\n하지만 일본 학계 전문가들의 추론은 &#039;왜 일본에서만?&#039; 이라는 반론을 부른다. 왜 유독 일본에서만 집단면역이 형성되고, 델타변이가 자멸하고, 개인방역 효과가 있는 지에는 충분한 답이 되지 않는다.\r\n\r\n일본의 코로나19 백신 접종 완료율은 지난 7일 기준 74.07%로 높은 수준이지만 한국이 76.6%로 더 높다. 일본에서 재미를 본 집단면역 효과가 한국에서 나타나지 않는 것은 이해하기 어렵다. 백신 접종률이 상대적으로 높은 선진국에서 이른바 &#039;돌파 감염&#039;이 잇따르는데 일본에선만 잠잠한 것도 의문이다. 백신 효과만으로 일본 내 감염 급감을 설명하기엔 확실히 한계가 있다.\r\n\r\n일본인이 마스크 착용 등 방역 지침을 잘 지키는 편이지만 이는 갑작스런 변화가 아니다. 하루 확진자가 2만명 이상 나올 때도 이같은 방역은 이뤄졌다. 한국 역시 마스크 착용 등 방역에 철저하지만 확진자 수가 줄지 않고 있다는 점도 기본 방역이 확진자 급감을 불렀다는 해석을 믿기 어렵게 하는 대목이다. ', '2021-11-09 (11:38)', 0, '', '', ''),
(84, 'kyk0630', '고영관', '보험사기로 챙긴 5억…1천만원 &#039;만수르 세트&#039; 술판에 흥청망청', ' 교통법규를 위반하는 차량 등을 노려 고의로 사고를 낸 뒤 보험금 5억원을 챙긴 일당이 경찰에 적발됐다.\r\n\r\n부산경찰청은 보험사기방지특별법 위반 혐의로 20대 A씨 등 4명을 구속하고, 이들에게 명의 등을 제공한 공범 64명을 불구속 입건해 검찰에 송치했다고 9일 밝혔다.\r\n\r\nA씨 등은 지난해 11월부터 올해 9월까지 117회에 걸쳐 부산, 서울, 광주, 대구 등 전국 주요 교차로 통과 직후에 진로를 변경하는 법규위반 차량을 골라 고의로 충격하거나 일부러 전봇대를 들이받는 수법으로 교통사고를 냈다. \r\n\r\n이후 보험사에 신고해 한의원에서 통원치료하는 수법으로 합의금과 미수선 수리비 등으로 5억원이 넘는 보험금을 챙긴 혐의를 받고 있다.\r\n\r\n 경찰 조사 결과 A씨 등은 보험사 의심을 피하려고 범행 차량을 1∼2개월마다 교체했다.\r\n\r\n또 페이스북 등 SNS로 범행 차량 동승자나 허위 동승자 역할을 할 공범을 모집해 사고를 낸 뒤 이들 신분증 등을 보험사에 보내 보험금을 챙기기도 했다.\r\n\r\n공범들은 주로 20대였는데 1건당 적게는 10만원, 많게는 30만원의 수고비를 받았다.\r\n\r\n경찰은 구속한 4명 중 A씨 등 2명은 클럽에서 일명 &#039;만수르 세트&#039;로 불리는 1천만원어치 술판을 벌이거나 고급 샴페인을 다른 손님들에게 돌리는 등 보험사기로 챙긴 돈 대부분을 유흥비로 탕진했다고 설명했다.\r\n\r\n나머지 2명은 인터넷 도박 탓에 생긴 빚을 갚으려고 A씨 일당 범행에 가담, 수중에 들어온 보험금을 빚을 갚거나 다시 도박에 쓴 것으로 조사됐다.\r\n\r\n경찰 관계자는 &quot;최근 대학생 등 젊은 층이 쉽게 돈을 벌 수 있다는 유혹에 넘어가 보험사기에 연루되는 사례가 늘고 있다&quot;며 &quot;자동차 보험사기 근절을 위해 단속 활동을 지속해서 전개할 계획&quot;이라고 말했다.\r\n\r\n금융감독원에 따르면 지난해 자동차 보험사기 적발 금액은 3천830억원으로 전체 보험사기 적발금액인 8천986억원의 42.6%를 차지했다. ', '2021-11-09 (11:41)', 0, '', '', ''),
(85, 'kyk0630', '고영관', '중고거래 현장서 &quot;한 번 차볼게요&quot;…명품시계 차고 달아나', '경찰, 20대 범인 구속송치…하루 새 연달아 시계·스마트폰 절도\r\n\r\n중고 명품시계를 사는 척하면서 훔쳐 달아난 남성이 구속 상태로 검찰에 넘겨졌다.\r\n\r\n9일 경찰에 따르면 서울 마포경찰서는 절도 혐의를 받는 20대 초반 남성 A(무직)씨를 지난 4일 검찰에 구속 송치했다.\r\n\r\nA씨는 지난달 20일 오전 5시께 마포구 서교동 홍익대 정문 인근에서 &quot;한 번 차 볼 수 있느냐&quot;며 피해자가 700만원에 팔려던 오메가 시계를 건네받아 손목에 찬 채 도주한 혐의를 받는다. 중고거래 플랫폼 &#039;당근마켓&#039;에 올라온 이 시계는 시중에서 900만원대에 판매되는 고가의 제품으로 알려졌다.\r\n\r\n송고시간2021-11-09 08:00\r\n\r\nbeta\r\n임성호 기자\r\n임성호 기자\r\n기자 페이지\r\n경찰, 20대 범인 구속송치…하루 새 연달아 시계·스마트폰 절도\r\n서울마포경찰서\r\n서울마포경찰서\r\n\r\n[촬영 정유진]\r\n\r\n(서울=연합뉴스) 임성호 기자 = 중고 명품시계를 사는 척하면서 훔쳐 달아난 남성이 구속 상태로 검찰에 넘겨졌다.\r\n\r\n9일 경찰에 따르면 서울 마포경찰서는 절도 혐의를 받는 20대 초반 남성 A(무직)씨를 지난 4일 검찰에 구속 송치했다.\r\n\r\nA씨는 지난달 20일 오전 5시께 마포구 서교동 홍익대 정문 인근에서 &quot;한 번 차 볼 수 있느냐&quot;며 피해자가 700만원에 팔려던 오메가 시계를 건네받아 손목에 찬 채 도주한 혐의를 받는다. 중고거래 플랫폼 &#039;당근마켓&#039;에 올라온 이 시계는 시중에서 900만원대에 판매되는 고가의 제품으로 알려졌다.\r\n\r\nA씨는 이 사건이 발생하기 2시간 전 경기 고양시에서도 비슷한 수법으로 중고 스마트폰을 빼앗아 달아난 혐의도 받고 있다.\r\n\r\n경찰은 폐쇄회로(CC)TV 판독 등을 통해 A씨의 동선을 파악한 뒤 지난달 29일 오후 11시께 서울 용산구의 한 숙박업소에서 A씨를 검거해 같은 달 31일 구속했다.\r\n\r\nA씨는 훔친 시계와 스마트폰을 모두 처분한 것으로 드러났다. 경찰 조사에서는 &quot;돈이 필요했다&quot;고 범행 동기를 진술한 것으로 전해졌다.\r\n\r\n검찰은 이번 주까지인 구속기간 만료 전 A씨를 재판에 넘길 것으로 알려졌다.', '2021-11-09 (11:42)', 0, '', '', ''),
(86, 'kyk0630', '고영관', '독일 최악의 속도로 코로나 확산…“중환자 곧 2배 폭증”', '독일에서 코로나19가 첫 환자 확인 이후 가장 빠른 속도로 확산하고 있습니다.\r\n\r\n일일 신규 확진자 역대 최고치를 갈아 치우더니, 10만명당 누적 확진자수도 기존 최고치를 넘어섰습니다.\r\n\r\n전문가들은 이런 속도라면 중환자 수가 곧 2배가 될 것이라고 우려하고 있습니다.\r\n\r\n베를린 김귀수 특파원의 보도입니다.\r\n\r\n[리포트]\r\n\r\n현지 시간 7일의 독일 확진수는 1만 5,513명.\r\n\r\n검사 수가 적은 일요일인데도 확진자 수는 떨어질 기미가 없습니다.\r\n\r\n지난주 3만 7천여명으로 역대 최다 일일 확진자 나온 독일.\r\n\r\n일주일간 10만명당 누적 확진자 수는 더 심각합니다.\r\n\r\n지난해 12월 기존 최고치 197.6명을 넘어서 201.1명을 기록했습니다.\r\n\r\n이런 속도라면 중환자 수가 곧 2배로 폭증할 수 있다는 우려가 나옵니다.\r\n\r\n현재도 중환자실에 여유가 별로 없기 때문에 환자 폭증은 그대로 의료 시스템의 마비로 이어질 수 있습니다.\r\n\r\n계절적 요인과 함께 3개월 째 60%대 머물고 있는 정체된 백신 접종률이 원인으로 지목됩니다.\r\n\r\n실제 입원 환자의 90%가 백신 미접종자인 것으로 알려졌습니다.\r\n\r\n그런데도 최근 설문조사에서 미접종자 3명 중 2명은 절대 백신을 맞지 않겠다고 밝혔습니다.\r\n\r\n전문가들은 이런 상태라면 백신 미접종자 전원이 감염되는 상황이 올 수도 있다고 경고하고 있습니다.\r\n\r\n시민들의 불안도 커지고 있습니다.\r\n\r\n[울리 로막/독일 시민 :&quot;백신 접종은 즉시 의무화되어야 합니다. 옳고 그름을 따질 때가 아닙니다. 달리 생각할 게 없습니다. 이미 늦어버렸고, 다른 대안이 없습니다. 그렇지 않으면 앞으로 3년 동안 이 문제를 해결해야 할 겁니다.&quot;]\r\n\r\n백신 접종률이 낮은 어린이와 청소년 감염도 빠르게 확산하고 있습니다.\r\n\r\n독일 교사 조합은 학교 현장이 통제 불능 상태에 이를 수 있다며 학교 내 마스크 착용 의무화 조치를 계속 유지해야 한다고 강조했습니다.\r\n\r\n베를린에서 KBS 뉴스 김귀수입니다.', '2021-11-09 (11:44)', 0, '', '', ''),
(87, 'kyk0630', '고영관', '타이밍 놓친 &#039;갤럭시S21FE&#039;…내년 유럽에만 출시 전망', '삼성전자의 준프리미엄급 스마트폰 갤럭시S21팬에디션(FE)이 유럽에서만 출시될 것이란 전망이 나왔다.\r\n\r\n9일 정보기술(IT) 전문매체 폰아레나 보도에 따르면 삼성전자는 갤럭시S21FE을 유럽에서만 출시할 예정인 것으로 전해졌다.\r\n\r\n폰아레나는 &quot;비슷한 시기 출시될 갤럭시S22의 마케팅 효과를 흐리고 보급형 모델군 A시리즈 판매에도 영향을 미칠 수 있다&quot;며 &quot;갤럭시S21FE는 결국 유럽 내 일부 이동통신사를 통해 판매하기로 결정됐다&quot;고 설명했다.\r\n\r\n갤럭시S21FE는 갤럭시Z폴드3·Z플립3와 같은 애플리케이션 프로세서(AP)인 스냅드래곤888이 탑재될 것으로 알려진 준프리미엄급 스마트폰이다. 당초 올 8월 출시될 것이란 얘기가 나왔지만, 글로벌 반도체 수급난에 출시가 전면 보류된 것으로 알려졌다.\r\n\r\n한편 갤럭시S21FE 언팩은 내년 1월4일 열릴 것이란 예측도 나왔다. 전날 유명 IT 정보유출자(팁스터) 존 프로서는 이같은 내용을 자신의 트위터에 올려 &quot;갤럭시S21FE는 내년 1월11일 정식 출시할 것&quot;이라고 주장했다.', '2021-11-09 (11:47)', 0, '', '', ''),
(88, 'kyk0630', '고영관', '&quot;불편제로, 한강공원 만든다&quot;…서울시 시설물 집중 점검', '11개 한강공원 화장실·매점·의자 등\r\n&quot;경미한 불편사항 즉시 조치…보수 필요사항 신속 정비&quot;\r\n[이데일리 양지윤 기자] 서울시 한강사업본부는 연말까지 ‘불편 제로(zero)! 한강공원’을 목표로 시설물 및 환경 정비 실태를 집중 점검한다고 9일 밝혔다.\r\n\r\n이번 점검은 10월 말부터 12월 말까지 10주 동안 시행된다. 화장실, 매점, 그늘막, 놀이터 등 편의시설을 중심으로 진행된다.\r\n\r\n한강사업본부 직원뿐 아니라 시민 자원봉사자도 점검에 참여한다. 주 5회 점검을 통해 사각지대를 줄이고 수시로 발생하는 문제에 즉각 대응할 계획이다.\r\n\r\n점검 대상은 전체 11개 한강공원 내 23종 시설물이다. 시설물의 특성에 따라 체크리스트를 기반으로 청결상태와 환경정비 사항 등을 점검한다.\r\n\r\n시민이 가장 많이 이용하는 화장실과 매점은 청소 상태, 악취 발생 여부, 비품 부족 여부 등 환경정비 상태와 시설물 훼손 상태를 중점 확인한다.\r\n\r\n공원 내 전 구역에 설치된 그늘막, 의자, 음수대 등의 경우 상태와 작동여부 등을 살필 예정이다.\r\n\r\n점검을 통해 비품 부족이나 바닥 오염 등 즉시 조치가 가능한 사안은 각 안내센터에 알려 바로 시정토록한다. 시설물 파손 등 보수나 보강이 필요한 경우 담당부서에서 정비 계획을 마련해 조치할 예정이다.\r\n\r\n황인식 서울시 한강사업본부장은 “한강공원이 도심 속 안전하고 쾌적한 쉼터로 시민여러분께 오랜 시간 사랑받을 수 있도록 앞으로도 다방면의 노력을 기울이겠다”고 말했다.', '2021-11-09 (11:47)', 0, '2019_01_23_07_29_41.jpg', 'image/jpeg', '2021_11_09_11_47_46.jpg'),
(89, 'kyk0630', '고영관', '&quot;뽀글이만으론 부족해&quot;…올 겨울 맹추위 예고에 패딩 코트 등 아우터 판매 급증', '초겨울 날씨에\r\n출퇴근족 늘자 두터운 옷 수요↑\r\n\r\n뚝 떨어진 기온에 플리스 뿐 아니라 패딩 코트 등 두터운 아우터(외투) 판매가 급증하고 있다. 올 겨울 맹추위 예고에 &#039;위드 코로나&#039;로 출퇴근족까지 늘자 모처럼 겨울 의류 시장에 활기가 도는 모습이다.\r\n\r\n9일 패션업계에 따르면 LF의 여성복 &#039;아떼 바네사브루노&#039;의 10월 아우터 판매량 전년대비 80%나 늘었다. 인기 상품인 크림색 물결의 퀼팅 구스다운 점퍼의 경우 출시한 지 3주만에 리오더(주문 재생산)에 들어갔을 정도다.\r\n\r\n삼성물산의 여성복 &#039;구호 플러스&#039;의 숏패딩과 재킷 등의 9~10월 누적매출 역시 전년대비 70% 신장했다.\r\n\r\n바바패션에 따르면 아이잗바바의 경우 벨티드 타이 롱 코트와 캐시미어 벨티드 코트의 판매가 심상치 않다. 출시 2주만에 생산량의 50%를 넘는 판매율을 기록, 추가 리오더 생산에 돌입했다.\r\n\r\n무신사 스토어에서는 10월 아우터 거래액이 같은 기간 52% 증가한 것으로 집계됐다. 특히 패딩 제품은 141%나 증가했고 겨울 한파를 대비한 헤비 아우터 판매가 활발했다.\r\n\r\n패션업계에서는 때이른 추위와 위드코로나로 재택근무 대신 출퇴근하는 인구가 늘면서 아우터류 매출이 급증한 것으로 보고 있다.\r\n\r\n한 패션기업 관계자는 &quot;이미 지난달부터 가을이 실종된 듯 쌀쌀해진 날씨에 패딩과 코트 등 아우터매출이 늘기 시작했다&quot;며 &quot;여기에 위드 코로나로 속 외출이 많아지면서 니트, 바지, 스커트 등의 판매가 고르게 증가하고 있다&quot;고 설명했다.\r\n\r\n패션기업들은 단가가 높아 전체 매출의 70% 이상이 나오는 겨울 아우터 판매에 더 힘을 실을 계획이다.\r\n\r\n현재 각 백화점 및 패션기업들은 코리아세일페스타 등을 통해 높은 할인율로 손님몰이에 나서고 있다. 고가의 모피 판매도 눈에 띈다.\r\n\r\n유니클로는 아예 오는 12일부터 세계적인 패션 디자이너 질 샌더와 손잡고 명품 패딩과 캐시미어코트를 파격적인 가격에 선보인다.\r\n\r\n패션업계 관계자는 &quot;지난 2년간 코로나로 위축된 패션시장이었는데 모처럼 오프라인 매장까지 북적이는 모습&quot;이라며 &quot;블랙프라이데이를 비롯해 연말, 내년초까지 쇼핑 분위기가 이어질 수 있도록 준비할 것&quot;이라고 말했다.\r\n', '2021-11-09 (11:48)', 0, '2021_11_09_11_26_01.php', 'application/octet-stream', '2021_11_09_11_48_34.php'),
(90, 'kyk0630', '고영관', '미국도 이런 일이?…악어거북 수프 인기에 멸종 위기', '미국에서 사람들이 수십 년간 미시시피강 유역에 서식하는 악어거북을 너무 많이 잡아먹어 거북이 멸종 위기에 처했다는 보도가 나왔다.\r\n\r\n8일(현지시간) 미국 시사주간지 뉴스위크에 따르면 미국 어류·야생동물관리국(USFWS)은 최근 이같은 내용의 연방 관보 고시를 내고서 악어거북의 멸종 위기 상황을 경고했다.\r\n\r\n악어거북은 뿔이 달린 등껍질과 뾰족한 턱 등 튀는 외모를 가지고 있으며 루이지애나 등 미시시피강과 지류에 걸쳐 있는 미국 12개 주에 서식하고 있다.\r\n\r\n 사냥할 때 가만히 입을 벌리고 혀에 달린 돌기를 미끼처럼 움직여 물고기 등을 유인하고선 강력한 턱으로 깨물어 한 방에 제압한다. 턱 힘이 워낙 세 사람 뼈도 부스러트릴 수 있다.\r\n\r\n그런데 지난 수십 년간 미국인들이 거북을 수프나 튀김 등으로 요리해 먹으면서 악어거북이 어느새 멸종 위기에 처했다는 것이다.\r\n\r\nUSFWS는 현재 미국 12개 주에 36만 마리의 악어거북이 서식하는 것으로 파악됐으나 적절한 조치가 없다면 30∼50년 내로 개체 수가 5%로 급감할 수 있다고 밝혔다.\r\n\r\n12개 주 중 10개 주는 악어거북의 사냥을 금지했지만 루이지애나주는 한 사람당 하루 한 마리, 미시시피주는 한 사람당 1년에 한 마리씩 수렵을 허용하고 있다.\r\n\r\n USFWS는 &quot;남동부 지역에선 많은 식당이 거북 고기를 사들여 수프 요리를 만들어 팔았다&quot;라며 &quot;1970년대에는 악어거북 고기 수요가 워낙 높아 조지아의 플린트 강에서만 하루에 3∼4t의 거북을 잡기도 했다&quot;라고 밝혔다.\r\n\r\n생물다양성센터 변호사 엘리스 베넷은 &quot;악어거북은 남동부지역의 대표적인 야생 동물 중 하나인데 과도한 수렵과 서식지 파괴 등으로 멸종 위기에 몰렸다&quot;라고 말했다.', '2021-11-09 (11:52)', 0, '2021_11_09_11_28_53.php', 'application/octet-stream', '2021_11_09_11_52_49.php'),
(91, 'hminwo98', '형민우', '내 몸에 이로운 클래식', '클래식 음악은 듣기만 해도 대뇌 및 좌뇌 기능이 발달됩니다. 대뇌는 언어 능력, 오감 인지, 운동 기능, 학습 및 기억력, 체내 호르몬 조절 등에 관여합니다. 좌뇌가 발달한 사람은 시각/언어적/수학적/이성적 능력이 뛰어납니다', '2021-11-09 (10:08)', 0, '', '', ''),
(92, 'hminwo98', '형민우', '개인정보처리방침 및 이용약관 꼼꼼히 살피기', '개인정보처리자는 「개인정보 보호법」에 따라 회원가입 등의 방법으로 개인정보를 수집하고자 할 경우 개인정보 처리 목적, 처리 및 보유기간, 제3자 제공에 관한 사항, 정보주체의 권리·의무 및 행사방법, 위탁 업무의 내용 등 개인정보 취급 관련 내용을 개인정보처리방침에 포함하여 공개하도록 하고 있습니다.\r\n따라서 회원가입을 하거나 개인정보를 제공할 때에는 개인정보처리방침 및 약관을 꼼꼼하게 살펴보아야 합니다. 개인정보처리방침은 홈페이지 하단에 표시되어 있거나, 회원가입 시 확인할 수 있습니다. ', '2021-11-09 (10:21)', 0, '', '', ''),
(93, 'hminwo98', '형민우', '2021부산바다마라톤언택트레이스', '부산바다마라톤 20주년\r\n\r\n지난 19년 간 ‘부산시민의 날’을 기념하여 부산시민과 부산일보가 함께 만들어온 부산바다마라톤\r\n\r\n2002년 _ 제1회 부산바다하프마라톤대회 개최(부산시·부산일보 공동주최)\r\n2016년 _ 제15회 대회를 세미국제마라톤대회로 개최(대한육상연맹 기준 충족)\r\n2019년 _ 총 참가자 13,011명 중 외국인 참가자 452명. 명실상부한 글로벌축제로 자리매김\r\n\r\n19년 동안 25만여 명의 러너들이 참가한 부산바다마라톤의 역사!\r\n2021년, 코로나 19 극복을 위한 희망의 레이스로 이어갑니다.', '2021-11-09 (10:22)', 0, '', '', ''),
(94, 'hminwo98', '형민우', '생활 속에서 하는 다이어트', '생활습관 1 : 하루 30분 걷기\r\n\r\n&#039;걷기는 보약’이라는 말이 있다. 심폐기능 향상과 근육량 유지를 돕고 일정 시간 이상 걸으면 과잉 칼로리를 소비하는 효과도 있다. 하루에 30분씩 걷는 것은 어려운 일이 아니다. 점심 식후나 퇴근 후 회사 주변을 산책해도 좋고, 버스 타고 출근하다가 두세 정거장 일찍 내려 걸어도 좋다. 일상 생활 속에서 자연스럽게 걷는 습관을 들인다면 몸과 마음이 한층 더 건강해질 수 있을 것이다.\r\n\r\n생활습관 2 : 하루 15분 스트레칭\r\n\r\n오래 앉아있는 것이 운동 효과를 상쇄한다는 연구결과가 있다. 일하면서 틈틈이 일어나거나 스트레칭을 하면 허리나 목 등의 통증을 예방할 수 있고 다이어트 효과도 있지만 바쁜 업무 중 실천하기는 쉽지 않다. 서있는 자세 또는 앉아있는 자세로 일하면서 틈날 때마다 가볍게 할 수 있는 스트레칭 방법을 찾아봤다.  (여 50kg : 30Kcal / 남 70kg : 50Kcal)', '2021-11-09 (10:25)', 0, '', '', ''),
(95, 'hminwo98', '형민우', '강원도 가볼만한곳 베스트10 (강원도 여행 코스)', '1. 대관령 양떼목장\r\n2. 정동진 바다부채길\r\n3. 고성 통일전망대\r\n4. 평창 월정사 전나무숲\r\n5. 속초해변\r\n6. 설악산\r\n7. 강릉커피거리\r\n8. 춘천 남이섬\r\n9. 정선 레일바이크\r\n10. 낙산사', '2021-11-09 (10:52)', 0, '2019_01_23_07_29_41.jpg', 'image/jpeg', '2021_11_09_10_52_29.jpg'),
(96, 'hminwo98', '형민우', '첫인상을 좌우하는 &#039;5초의 법칙&#039;', '첫인상 전문가로 알려진 보험 세일즈 매니저 한경 씨가 펴낸 &lt;첫인상 5초의 법칙&gt;에서는 “첫인상은 단 5초 만에 결정 된다”고 말하고 있습니다. 순간성이 바로 첫인상의 가장 핵심적인 특징이라는 말이죠. 본능적으로 시각과 두뇌를 통해 판단은 순간의 이미지는 강력함 힘을 발휘해 전체적인 정보 형성에 가장 큰 영향을 미치는데요. 그 이후의 정보일수록 효과가 약화되기 때문에 첫인상을 좋게 하는 것이 무엇보다 중요하다고 할 수 있습니다.', '2021-11-09 (11:26)', 0, '', '', ''),
(97, 'hminwo98', '형민우', '코로나 이후의 여행 트렌드', '2020년 5월 기준으로 전 세계 에어비앤비 예약 중 60%가 비도시지역 숙소였다. 작년의 경우 도시지역을 찾는 이들이 50% 정도였다는 점과 비교하면 확연히 달라진 점을 볼 수 있다. 코로나로 인해 하늘 길이 꽉 막혀 심리적인 압박감을 느끼는 도시인들이 확 트인 자연을 찾는 것은 어쩌면 너무나 자연스러운 행동이 아닐까 싶다.', '2021-11-09 (11:28)', 0, '', '', ''),
(98, 'hminwo98', '형민우', '지금은 친환경이 아닌 필환경 시대', '우리 생존을 위한 터전인 지구가 그 어느 때보다 위기에 봉착해 있다. 온실가스는 기후 위기를 가속화하고 있고, 전세계적인 코로나 바이러스의 발병으로 마스크 및 썩지 않는 플라스틱 포장 용기 등의 무분별한 사용이 증가하며 쓰레기 발생량이 가파르게 증가하고 있다. 국내만 해도 1~2년간 쓰레기가 급격히 증가했다는 보도가 잇따르고 있는데, 이젠 환경에 관심을 갖는 ‘친환경’을 넘어 생존을 위해 ‘필환경’을 실천해야 하는 시대가 다가온 셈이다.', '2021-11-09 (11:31)', 0, '', '', ''),
(99, 'hminwo98', '형민우', '유산균추천 나이불문하고 먹으라는데요', '장 건강이 면역력에도 중요하단 얘길 들어서\r\n나이 들어도 성인유산균추천 받아 먹어보려고 하는데요\r\n지인이 해주면서 먹어보라고 몇 개 나눠준게 있는데\r\n그건 가루타입이라서 자꾸 입에 텁텁하게 남더라구요\r\n먹기 편한거 없을까요?', '2021-11-09 (11:33)', 0, '', '', ''),
(100, 'hminwo98', '형민우', '저녁 메뉴 추천해주세요', '배고픈데 뭐먹을까요 거창한 요리 하기는 귀찮고 배달음식은 이제 지겹습니다. 집에서 간단하게 해먹을 수 있는 음식 추천 해주세요', '2021-11-09 (11:35)', 0, '', '', ''),
(101, 'hminwo98', '형민우', '클라이밍 해보신분', '성인 남자 이제 곧 24살 되는사람인데요\r\n요즘 운동을 안하니까 몸이 좀 뭉치는 느낌도 들고 관리도 할겸 실내 클라이밍 배워볼까 생각하고있는데요\r\n친구랑 안하고 혼자가서 강습 배우고 해도 괜찮을까요?', '2021-11-09 (11:38)', 0, '', '', ''),
(102, 'hminwo98', '형민우', '[공단 창립 31주년 기념 이벤트] 12월 20일 KSPO 생일을 기억해줘!', ' &lt;참여방법&gt;\r\n1. 이벤트 게시물 하단의 ‘공유하기’ 버튼을 클릭! 이벤트를 공유해주세요.\r\n\r\n2. KSPO의 31주년 생일축하 메시지 댓글을 달아주세요.\r\n☆ 당첨 확률을 높이고 싶다면? : 손이나 몸, 물건 등을 활용해서 ‘31’을 표현하기 / 손가락하트, 스케치북 메시지 등 인증사진 올리기 ☆\r\n\r\n3. 댓글 축하 메시지와 함께 SNS공유 캡처본을 함께 올려주세요.\r\n(페이스북 본인 프로필에 들어간 후, 공유한 이벤트 게시물을 캡처해 댓글에 함께 달아주시면 됩니다.)\r\n\r\n*축하댓글 참신성을 기준으로 심사 후 당첨자를 선정합니다\r\n\r\n&lt;응모기간&gt;\r\n11월 20일~12월 10일\r\n\r\n&lt;당첨자 발표&gt;\r\n12월 20일(총 31명 선정)\r\n\r\n&lt;경품&gt;\r\n에어팟(2명)\r\n베스킨라빈스31 케이크 (3명), 파인트 (26명)', '2021-11-09 (11:42)', 0, '', '', ''),
(103, 'hminwo98', '형민우', '실내 사이클 대결 승자는 누구?', '국민체육진흥공단(이사장 조현재, 이하 공단)이 실내 운동에 관한 국민적 관심을 높이고자 자전거 최강자들의 대결을 기획했다고 밝혔다.\r\n\r\n 공단은 ‘경륜 최강자’ KSPO 프로경륜 트랙팀 임채빈, KSPO 사이클팀 소속 최동혁, ‘마스터스 사이클 왕자’ 윤중헌이 가상 사이클링 플랫폼인 즈위프트(Zwift)에서 맞붙는 실내 사이클 대결 결과를 공개한다.\r\n\r\n 프로 경륜선수 임채빈은 폭발적인 힘으로 단거리 주행에 강한 반면, 정상급 사이클 선수 최동혁은 100km가 넘는 장거리 주행에 능숙하다.\r\n\r\nTDK(투르 드 코리아) 2017 스페셜 3관왕을 차지한 ‘최강 동호인’ 윤중헌은 즈위프트 라이딩에 익숙하여 흥미로운 대결구도가 펼쳐진다.', '2021-11-09 (11:43)', 0, '', '', ''),
(104, 'hminwo98', '형민우', '성장하고 있는 베트남 스포츠 시장 속으로!', '현재 빠르게 경제성장을 이루고 있는 베트남은 세계은행(WB)에 따르면 2002년부터 2018년까지 베트남 1인 GDP는 2.7배 상승했으며 빈곤층은 70%에서 6% 미만으로 크게 감소했습니다. 이러한 경제 소득의 상승 때문인지 사람들은 더욱이 자신들의 건강, 관리하는 것에 집중할 수 있는 여유가 생겨 스포츠 시장이 더욱이 커지고 있다고 합니다.', '2021-11-09 (11:45)', 0, '', '', ''),
(105, 'hminwo98', '형민우', '오징어 게임으로 때아닌 열풍 &#039;달고나&#039;, 만드는 법부터 주의사항까지!', '설탕이 반 이상을 차지하는 달고나는 당 함유량이 높아 많이 먹게 되면 혈당을 높일 수 있기 때문에 사탕, 탄산음료 등과 같이 혈당을 낮추는 인슐린에 문제가 생겨 발생하는 고혈당증 환자와 당뇨 환자에게 매우 위험하기 때문에 주의해야 됩니다. 뿐만 아니라 구강 내 산도가 높아져 치아를 녹일 수도 있고, 많은 산 성분으로 인해 입안의 나쁜 균을 죽이는 성분이 녹아있는 침이 제 역할을 해내지 못하면서 구강 내 살고 있는 수많은 세균이 빠른 속도로 산을 생성해 충치로 이어질 수 있기 때문이죠.\r\n\r\n또한, 달고나는 엿 종류의 식품처럼 끈끈하고 딱딱한 질감을 가지고 있어 섭취 시 입안에 오랜 시간 머물러 있고 달고나 특유의 끈적함으로 인해 치아에 달라붙어 있어 충치를 유발할 수도 있답니다.', '2021-11-09 (11:48)', 0, '', '', ''),
(106, 'hminwo98', '형민우', '생활 속의 바른자세', '인간에게 가장 자연스러운 자세는 서 있는 자세입니다. 인간은 직립보행 동물이기에 바르게 서 있게 되면 몸과 머리를 자극하고 다리 근육에 힘이 들어가면서 수축과 이완을 반복하여 혈액순환 등 대사 활동에 도움을 줍니다. 또한 집중력 향상에도 도움을 주기 때문에 많은 회사나 학교에서도 서서 일하는 환경을 만들고 있습니다. 점심 식사 후에도 졸리지 않고 긴장 상태를 유지할 수 있어 업무 효율성이 높아지고, 배와 다리가 탄탄해지며, 소화 기능이 개선돼 오랜 변비도 사라집니다.', '2021-11-09 (11:50)', 0, '', '', ''),
(107, 'hminwo98', '형민우', '메타버스란 무엇일까요?', '현실세계와 같은 사회·경제·문화 활동이 이뤄지는 3차원 가상세계를 일컫는 말로, 1992년 미국 SF 작가 닐 스티븐슨의 소설 《스노 크래시》에 처음 등장한 개념이다. 메타버스는 5G 상용화에 따른 정보통신기술 발달과 코로나19 팬더믹에 따른 비대면 추세 가속화로 점차 주목받고 있다.', '2021-11-09 (11:50)', 0, '', '', ''),
(108, 'hminwo98', '형민우', '도박중독', '도박장애는 지속적이고 반복적인 도박으로 인해 심각한 손상이나 고통을 일으키는 행위로 개인은 물론, 가족, 사회적 그리고 직업적 측면에서 장애를 일으킨다. ', '2021-11-09 (11:53)', 0, '', '', '');

-- --------------------------------------------------------

--
-- 테이블 구조 `members`
--

CREATE TABLE `members` (
  `num` int(11) NOT NULL,
  `id` char(15) NOT NULL,
  `pass` char(15) NOT NULL,
  `name` char(10) NOT NULL,
  `email` char(80) DEFAULT NULL,
  `regist_day` char(20) DEFAULT NULL,
  `level` int(11) DEFAULT NULL,
  `point` int(11) DEFAULT NULL
) ENGINE=InnoDB DEFAULT CHARSET=utf8mb4;

--
-- 테이블의 덤프 데이터 `members`
--

INSERT INTO `members` (`num`, `id`, `pass`, `name`, `email`, `regist_day`, `level`, `point`) VALUES
(1, 'admin', '1234', '관리자', 's_u_@naver.com', '2021-11-03 (10:16)', 1, 78777),
(2, 'alieen', '19991103', '김혜련', 's_u_ga_@naver.com', '2021-11-02 (12:58)', 1, 7777),
(3, 'koeyhni', '1234', '김인혁', 'dlsur1225@naver.com', '2021-11-02 (12:58)', 1, 9000),
(4, 'hminwo98', 'ay2111!!', '형민우', 'hminwo98@naver.com', '2021-11-08 (14:20)', 1, 0),
(5, 'jmkhan99', '1234', '강준모', 'jmkhana@gmail.com', '2021-11-01 (12:42)', 1, 0),
(6, 'kyk0630', '123456789', '고영관', 'master0630@naver.com', '2021-11-08 (14:21)', 1, 1100),
(7, 'tmdwn', '1234', '박승주', 'qxtse130613@naver.com', '2021-11-08 (14:22)', 1, 1600);

-- --------------------------------------------------------

--
-- 테이블 구조 `message`
--

CREATE TABLE `message` (
  `num` int(11) NOT NULL,
  `send_id` char(20) NOT NULL,
  `rv_id` char(20) NOT NULL,
  `subject` char(200) NOT NULL,
  `content` text NOT NULL,
  `regist_day` char(20) DEFAULT NULL
) ENGINE=InnoDB DEFAULT CHARSET=utf8mb4;

--
-- 테이블의 덤프 데이터 `message`
--

INSERT INTO `message` (`num`, `send_id`, `rv_id`, `subject`, `content`, `regist_day`) VALUES
(1, 'alieen', 'admin', '오늘의 명언입니다~', '삶이 있는 한 희망은 있다 -키케로', '2021-11-08 (14:26)'),
(2, 'alieen', 'admin', '오늘의 명언~', '산다는것 그것은 치열한 전투이다. -로망로랑', '2021-11-08 (14:26)'),
(3, 'alieen', 'admin', '좋은 글귀 공유해요~', '하루에 3시간을 걸으면 7년 후에 지구를 한바퀴 돌 수 있다. \r\n\r\n-사무엘존슨', '2021-11-08 (14:27)'),
(4, 'alieen', 'admin', '명언으로 하루 시작하기!', '언제나 현재에 집중할수 있다면 행복할것이다. -파울로 코엘료 \r\n', '2021-11-08 (14:28)'),
(5, 'alieen', 'admin', '삶이 고단하다면~~', '신은 용기있는자를 결코 버리지 않는다 -켄러 ', '2021-11-08 (14:28)'),
(6, 'alieen', 'admin', '명언으로 시작하는 하루~^^', '먼저핀꽃은 먼저진다  남보다 먼저 공을 세우려고 조급히 서둘것이 아니다 \r\n\r\n- 채근담 ', '2021-11-08 (14:29)'),
(7, 'alieen', 'admin', '좋은 글귀 공유^^', '행복은 습관이다,그것을 몸에 지니라 -허버드', '2021-11-08 (14:30)'),
(8, 'alieen', 'admin', '꿈을 꿔야 하는 이유~^^', '꿈을 계속 간직하고 있으면 반드시 실현할 때가 온다. -괴테 \r\n', '2021-11-08 (14:31)'),
(9, 'alieen', 'admin', '부질없는 인생~^^', '돈이란 바닷물과도 같다. 그것은 마시면 마실수록 목이 말라진다. \r\n\r\n-쇼펜하우어 ', '2021-11-08 (14:32)'),
(10, 'alieen', 'admin', '만족하며 살기~', '성공해서 만족하는 것은 아니다.\r\n\r\n만족하고 있었기 때문에 성공한 것이다.\r\n\r\n-알랭\r\n', '2021-11-08 (14:33)'),
(11, 'admin', 'alieen', 'RE: 오늘의 명언입니다~', '좋은 글귀 감사합니다 ㅎㅎ\r\n\r\n-----------------------------------------------\r\n&gt; 삶이 있는 한 희망은 있다 -키케로', '2021-11-08 (14:34)'),
(12, 'admin', 'alieen', 'RE: 오늘의 명언~', '인정합니다~ 역시 명언이네요^^\r\n\r\n-----------------------------------------------\r\n&gt; 산다는것 그것은 치열한 전투이다. -로망로랑', '2021-11-08 (14:34)'),
(13, 'admin', 'alieen', 'RE: 좋은 글귀 공유해요~', '멋져요~!\r\n\r\n-----------------------------------------------\r\n&gt; 하루에 3시간을 걸으면 7년 후에 지구를 한바퀴 돌 수 있다. \r\n&gt;\r\n&gt;-사무엘존슨', '2021-11-08 (14:34)'),
(14, 'admin', 'alieen', 'RE: 명언으로 하루 시작하기!', '행복합시다~^^ \r\n\r\n-----------------------------------------------\r\n&gt; 언제나 현재에 집중할수 있다면 행복할것이다. -파울로 코엘료 \r\n&gt;', '2021-11-08 (14:35)'),
(15, 'admin', 'alieen', 'RE: 삶이 고단하다면~~', '맞습니다~~\r\n\r\n-----------------------------------------------\r\n&gt; 신은 용기있는자를 결코 버리지 않는다 -켄러 ', '2021-11-08 (14:36)'),
(16, 'admin', 'alieen', 'RE: 명언으로 시작하는 하루~^^', '좋은 글귀 감사합니다~~\r\n\r\n-----------------------------------------------\r\n&gt; 먼저핀꽃은 먼저진다  남보다 먼저 공을 세우려고 조급히 서둘것이 아니다 \r\n&gt;\r\n&gt;- 채근담 ', '2021-11-08 (14:36)'),
(17, 'admin', 'alieen', 'RE: 좋은 글귀 공유^^', '역시 행복은 습관이죠~!\r\n\r\n-----------------------------------------------\r\n&gt; 행복은 습관이다,그것을 몸에 지니라 -허버드', '2021-11-08 (14:36)'),
(18, 'admin', 'alieen', 'RE: 꿈을 꿔야 하는 이유~^^', '늘 꿈을 꿔야겠네요~~\r\n\r\n-----------------------------------------------\r\n&gt; 꿈을 계속 간직하고 있으면 반드시 실현할 때가 온다. -괴테 \r\n&gt;', '2021-11-08 (14:37)'),
(19, 'admin', 'alieen', 'RE: 부질없는 인생~^^', '그래도 돈은 좋아요~\r\n\r\n-----------------------------------------------\r\n&gt; 돈이란 바닷물과도 같다. 그것은 마시면 마실수록 목이 말라진다. \r\n&gt;\r\n&gt;-쇼펜하우어 ', '2021-11-08 (14:37)'),
(20, 'admin', 'alieen', 'RE: 만족하며 살기~', '옳은 말씀ㄴ입니다~~\r\n\r\n-----------------------------------------------\r\n&gt; 성공해서 만족하는 것은 아니다.\r\n&gt;\r\n&gt;만족하고 있었기 때문에 성공한 것이다.\r\n&gt;\r\n&gt;-알랭\r\n&gt;', '2021-11-08 (14:37)'),
(21, 'koeyhni', 'admin', '요소수 &#039;매점매석&#039; 단속 중인데도…중고장터엔 &#039;10배 폭리&#039; 버젓', '정부가 8일 요소수를 매점매석하거나 불법적으로 유통하는 행위에 대한 단속에 돌입했지만 온라인 공간을 중심으로 폭리를 취하려는 판매자들이 여전히 활개를 치고 있다는 지적이 나온다.', '2021-11-08 (14:24)'),
(22, 'koeyhni', 'admin', '스페셜올림픽 미술대회서 초등부 대상 양예준 등 51명 입상', '스페셜올림픽코리아(SOK)가 발달장애인을 위해 개최한 제1회 스페셜올림픽 미술대회에서 초등학생 양예준 어린이의 ‘나를 지켜주는 우리엄마’ 등 51개 작품이 수상의 영광을 안았다.', '2021-11-08 (14:24)'),
(23, 'koeyhni', 'admin', '급 ㅊ끼어든 차에 상향등 켰다고…보복 운전·추돌·멱살까지', '좁은 차량 사이를 위험하게 끼어드는 이른바 ‘칼치기’ 운전자에게 상향등을 켰다가 15분 동안 보복 운전을 당하고 멱살까지 잡혔다는 운전자의 사연이 공개됐다.\r\n\r\n지난 6일 유튜브 채널 ‘한문철TV’에는 ‘보복운전 하다가 차에 내려 멱살 잡아 위협하고 쫓아와 제 차를 들이박고 난리도 아니었다. 이 사람을 처벌하고 싶은데 어떻게 해야 하나’라는 제목의 영상이 올라왔다.', '2021-11-08 (14:25)'),
(24, 'koeyhni', 'admin', '아프리카의 매력을 만나다…‘FOCUS AFRICA’ 9일 개막', '아프리카 미술의 매력을 담은 ‘FOCUS AFRICA’ 전시회가 오는 9일부터 내년 1월 9일까지 서울 중구 통일로 케이지타워 아트스페이스선에서 열린다.\r\n\r\n아트스페이스선은 11월 9일 조엘 음파두, 11월 30일 헨드릭 릴랑가, 12월 21일 에드워드 사이드 팅가팅가 등 3인의 아프리카 아티스트의 작품을 연이어 선보인다. 아트스페이스선은 올해 3월 뱅크시, 셰퍼드 페어리, 존원, 제우스 등 스트리트아티스트 6인의 작품을 담은 ‘스트리트 아트전’에 이어 지난 8월에는 일본이 낳은 세계적 여류작가 쿠사마 야요이의 ‘인피니티’ 등을 소개한 ‘오리엔탈의 빛 : 쿠사마 야요이’ 등 특색있는 전시로 관객을 만난 바 있다. 아트스페이스선은 “독특한 창의성과 놀라운 터치 속에서 아프리카 미술의 또 다른 매력을 발견하는 자리가 되기를 기대한다”고 말했다.', '2021-11-08 (14:25)'),
(25, 'koeyhni', 'admin', '에디슨모터스, 2026년까지 LG엔솔 배터리 쓴다…전기버스부터 적용', '에디슨모터스는 LG에너지솔루션과 배터리 셀 공급 계약을 체결했다고 8일 밝혔다.\r\n\r\n이번 공급 계약에 따라 LG에너지솔루션은 내년부터 2026년까지 오창공장에서 생산한 파우치형 배터리 셀을 공급한다.\r\n\r\nLG에너지솔루션이 공급하는 배터리 셀은 전기버스에 특화됐다. 기존 제품보다 용량이 20%가량 높고, 성능과 안정성이 향상됐다. 에디슨모터스는 LG에너지솔루션 배터리 셀 공급 계약으로 안정적인 공급망을 확보하고, 국산화 비율을 높이겠다는 계획이다. ', '2021-11-08 (14:25)'),
(26, 'koeyhni', 'admin', '기아, 11일 두 번째 전용 전기차 &#039;EV9&#039; 콘셉트카 온라인 공개', '기아가 두 번째 전용 전기차 &#039;EV9&#039; 콘셉트카를 이번주 세계 최초 공개한다.\r\n\r\n기아는 오는 11일 전용 전기차 &#039;EV9&#039;의 콘셉트카를 온라인으로 공개한다고 8일 밝혔다.\r\n\r\n기아는 유튜브, 인스타그램 등의 채널을 통해 EV9 콘셉트카를 선보일 예정이다.\r\n\r\nEV9은 대형 스포츠유틸리티차(SUV)로 예상되는 모델이다. 기아가 앞서 출시한 준중형 전기차 EV6보다 큰 차종이다.\r\n\r\n다만 이번에 공개하는 차량은 콘셉트카로 실제 양산할 EV9와 차이가 있을 수 있다.\r\n\r\n기아는 EV1~9까지 상표를 출원한 바 있다. 현대차그룹 전용 전기차 플랫폼 &#039;E-GMP&#039;를 기반으로 차종을 늘려간다는 계획이다.\r\n', '2021-11-08 (14:26)'),
(27, 'koeyhni', 'admin', '아시아나항공, &#039;트래블 버블&#039; 싱가포르 노선 주 3→5회 증편', '아시아나항공은 &#039;트래블 버블&#039;(Travel Bubble·여행안전권역) 체결 지역인 싱가포르 노선을 증편한다고 8일 밝혔다.\r\n\r\n주 3회 운항하던 싱가포르 노선을 트래블 버블이 시행되는 이달 15일부터 주 4회(화·수·금·토)로 1회 증편한다. 12월부터는 일요일을 추가해 주 5회 운항한다.\r\n\r\n15일부터 새로 운항하는 항공편은 인천국제공항에서 오후 4시 20분 출발해 싱가포르에 오후 9시 55분(현지시간)에 도착하는 일정이며, A330 기종이 투입된다.\r\n\r\n화·수·금·일요일 출발편은 &#039;VTL&#039;(Vaccinated Travel Lane)로 운영된다. VTL은 백신 접종자가 탑승하는 항공편으로, 탑승객은 격리가 면제된다.\r\n\r\n백신 접종 완료 후 14일이 지나야 VTL 항공편에 탑승할 수 있다. 한국 출발 전 48시간 내에 실시한 PCR(유전자 증폭) 검사 음성 확인서를 지참해야 하고, 현지 도착 후 PCR 검사에서 음성 결과가 나오면 격리가 면제된다.\r\n\r\n아시아나항공은 트래블 버블 확대 등 국경을 여는 국가가 늘어나는 만큼 시장 동향을 파악해 추가 노선 증편을 검토할 계획이다. ', '2021-11-08 (14:26)'),
(28, 'koeyhni', 'admin', '가을, 이대로 안녕?', '\r\n(서울=연합뉴스) 신준희 기자 = 강한 비바람이 몰아친 8일 오전 서울 도심을 걷는 한 시민의 우산에 가을이 내려앉아 있다. 2021.11.8\r\n', '2021-11-08 (14:26)'),
(29, 'koeyhni', 'admin', '문체부, 이달 말까지 &#039;2021 여행가는 달&#039; 운영', '\r\n문화체육관광부는 한국관광공사, 한국관광협회중앙회 등 관계 기관과 함께 단계적 일상 회복에 맞춰 8일부터 오는 30일까지 ‘2021 여행가는 달’을 운영한다고 밝혔다. 이는 코로나19로 피해를 본 관광업계의 회복을 돕고 국민들이 안전한 여행을 일상화 할 수 있도록 매년 봄·가을 각 2주간 운영하던 ‘여행주간’을 통합해 운영하는 것이다.\r\n\r\n우선 문체부는 코로나19가 지속되고 있는 상황을 고려해 관계기관과 함께 관광지 방역을 철저히 관리하는 등 안전한 여행문화를 확산하는 데 주력할 방침이다. 지역을 방문하는 여행자와 관광 접점에서 만나는 관광 종사자 모두를 위한 안전 여행 캠페인을 진행하고 전국 주요 관광지에 방역 인력 3천 명을 배치해 관광지와 관광시설에 대한 방역과 안전을 점검할 계획이다. 현재 호텔과 콘도, 유원시설 약 5천 개소에는 방역물품도 지원하고 있으며, 안전한 여행 캠페인과 관광지 방역 인력 배치, 방역물품 지원은 연말까지 계속 추진한다. 이와 함께 관광객들이 거리두기를 실천하며 즐길 수 있는 비대면 안심 관광지를 추천하고 지역여행 프로그램을 진행한다.', '2021-11-08 (14:27)'),
(30, 'admin', 'koeyhni', '&#039;반려 공예&#039;~&#039;홈술족 위한 공예품&#039; 한자리', '[서울=뉴시스] 신효령 기자 = 서울문화재단 신당창작아케이드는 공예를 반려의 관점에서 재해석한 전시 &#039;반려공예&#039;와 홈술족을 위한 공예 작품을 모은 전시 &#039;룸앤모어(Room and More)&#039;를 13일까지 서울 인사동 코트에서 개최한다고 8일 밝혔다.\r\n\r\n2009년부터 운영해온 신당창작아케이드는 공예와 디자인 중심의 시각예술분야 입주작가들의 창작공간으로 서울 황학동 중앙시장에 위치하고 있다. 올해 12기 입주작가를 모집했으며 총 35개의 공방에 40명이 모여 활동하고 있다.', '2021-11-08 (14:27)'),
(31, 'admin', 'koeyhni', 'AMD, 라데온 프로 V620 그래픽카드 출시', '\r\nAMD는 8일 고사양 게이밍용 &#039;라데온 프로 V620(PRO V620)&#039; 그래픽카드를 출시했다.\r\n\r\n라데온 프로 V620은 &#039;AMD RDNA 2&#039; 아키텍처 기반 제품이다. 첨단 그래픽 제조 기술로 고성능 PC와 콘솔에 탁월한 게이밍 경험을 선사한다. 해당 제품은 게이머에게 효과적인 콘텐츠 스트리밍을 제공해 적용 제품 범위가 증가할 것으로 전망된다.\r\n\r\n제프 코넬 AMD 클라우드 게이밍 부문 부사장은 “AMD는 라데온 PRO V620을 통해 고성능 AAA 게이밍을 구현할 수 있게 됐다”며 “PC, 콘솔, 클라우드를 아우르는 선도적 게임 기술력을 입증할 것”이라고 밝혔다.', '2021-11-08 (14:28)'),
(32, 'admin', 'koeyhni', '틸론, e-VDI 환경 스타크래프트 게임대회 개최', '틸론(대표 최백준)이 사내 VDI(가상 데스크톱 인프라) 환경에서 스타크래프트 게임대회를 개최하고, 초당 128프레임 이상을 지원하는 고성능 워크스테이션급 VDI를 선보였다.\r\n\r\n이번 행사에서는 틸론의 최신 엔지니어링 VDI 솔루션 &#039;이스테이션&#039;을 공개했다. 엔지니어링 VDI는 3D게임, CAD 같은 높은 수준의 그래픽 처리를 지원하는 고성능 VDI다. 이를 위해선 데스크톱 가상화 기술에 GPU(그래픽처리장치) 가상화 기술이 추가로 요구된다.\r\n', '2021-11-08 (14:28)'),
(33, 'admin', 'koeyhni', '넷마블에프앤씨, 메타버스 VFX 연구소 설립', '넷마블 개발 자회사 넷마블에프앤씨는 광명역 인근에 메타버스 VFX 연구소를 설립한다고 8일 밝혔다.\r\n\r\n메타버스 VFX 연구소는 넷마블에프앤씨가 야심차게 추진하고 있는 메타버스 사업의 일환으로, 광명역 도보 5분 거리에 위치하며 10월 말 건축허가접수를 완료하고 내년 상반기 준공 예정이다.\r\n\r\n메타버스 신기술의 요람이 될 VFX 연구소는 단일 모션캡처시설로는 국내 최대 규모이며, 모션캡처와 크로마키, 전신 스캐닝 등 메타휴먼 제작 및 메타버스 구현이 가능한 제작 공간 및 최신 장비 시설들로 채워진다.\r\n\r\n넷마블에프앤씨 서우원 공동대표는 &quot;메타버스 VFX 연구소는 메타버스 월드 구현에 요구되는 공간, 장비, 인력을 한 장소에 모두 갖춘 최신, 최대 규모의 연구소&quot;라며 &quot;향후 글로벌 메타버스 세계의 새로운 메카가 될 것으로 기대한다&quot;고 밝혔다.\r\n\r\n한편, 넷마블에프앤씨는 자회사 &#039;메타버스엔터테인먼트㈜&#039;를 설립, 가상현실 플랫폼 개발과 버츄얼 아이돌 매니지먼트 등 게임과 연계된 메타버스 콘텐츠 제작과 서비스 사업 계획을 알렸으며, 최근 카카오엔터테인먼트와 함께 메타버스 사업 공동 진출을 위한 파트너십을 체결한 바 있다. ', '2021-11-08 (14:29)'),
(34, 'admin', 'koeyhni', '삼성전자, &#039;골린이&#039; 위한 갤워치4 출시...&quot;내 손목 위 캐디&quot;', '삼성전자가 프리미엄 골프 브랜드 &#039;PXG&#039;와 손잡고 골프에 최적화된 스마트워치 &#039;갤럭시워치4&#039;를 선보였다.\r\n\r\n삼성전자는 11일부터 &#039;갤럭시 워치4 PXG 골프 에디션&#039;을 국내에서 한정 판매한다고 8일 밝혔다.\r\n\r\n이 제품은 &#039;스마트 캐디&#039; 응용소프트웨어(앱)를 내장, 섬세한 거리 측정 기능과 함께 전 세계 4만여 개 골프 코스 공략 가이드 등을 제공한다.\r\n\r\n갤럭시 워치4 PXG 골프 에디션은 갤럭시워치4 본체와 프리미엄 PXG 가죽 지갑, PXG 볼마커, PXG 전용 스트랩 2종, PXG 워치 페이스 3종 등으로 구성됐다.\r\n\r\n프리미엄 PXG 가죽 지갑은 천연 소가죽 100% 소재의 겉감과 염소가죽 내피로 제작됐다. 또 PXG 브랜드 로고가 각인된 스테인리스 소재의 PXG 볼마커를 제공한다. 갤럭시 워치4에 장착할 수 있는 가죽 스트랩과 운동 시 편안하게 착용할 수 있는 실리콘 스트랩 등 PXG 전용 스트랩 2종도 포함됐다.\r\n\r\n제품은 44mm 블랙, 40mm 실버 두 가지 모델로 출시되며, 44mm는 62만9,000원, 40mm 모델은 59만9,000원이다. 예약 판매는 11일부터 삼성전자 홈페이지, 온라인 골프 쇼핑몰 &#039;골핑(Golping)&#039; 등에서 한정 수량으로 진행되며, 18일 이후부터 순차적으로 배송될 예정이다.\r\n\r\n삼성전자 관계자는 &quot;&#039;갤럭시 워치4 PXG 골프 에디션&#039;은 골퍼들이 &#039;갤럭시 워치4 골프 에디션&#039;의 스마트한 기능과 프리미엄 브랜드만의 가치를 함께 누릴 수 있도록 특별하게 선보인 제품&quot;이라며 &quot;&#039;갤럭시 워치4 PXG 골프 에디션&#039;과 함께 더욱 품격 있는 라운딩을 즐길 수 있길 바란다&quot;고 전했다.\r\n', '2021-11-08 (14:29)'),
(35, 'admin', 'koeyhni', '티빙 &#039;스우파&#039; 콘서트 독점 생중계', '빙(대표 양지을, 이명한)은 Mnet &#039;스트릿 우먼 파이터&#039; 여덟 크루가 모두 참여하는 전국 투어 &#039;스트릿 우먼 파이터 온 더 스테이지(ON THE STAGE)&#039; 21일 오후 7시 서울 공연 피날레 콘서트를 생중계한다고 8일 발표했다.\r\n\r\n오는 20일 서울을 시작으로 부산, 광주, 대구, 창원, 인천까지 전국 6개 지역에서 개최될 &#039;스우파&#039; 전국 투어 콘서트는 티켓 오픈 1분만에 전 석이 매진되는 등 팬들의 관심을 한 몸에 받고 있다.\r\n\r\n티빙이 독점 생중계할 &#039;스트릿 우먼 파이터 ON THE STAGE&#039;는 오는 21일 오후 7시 티빙에서만 만나 볼 수 있다. 생중계 영상은 티빙 유료 가입자라면 누구나 시청 가능하다.\r\n\r\n황혜정 티빙 콘텐츠사업국장은 &quot;이번 스우파 콘서트 생중계는 스우파 무대를 현장에서 보지 못해 아쉬워할 많은 팬들을 위해 준비했다&quot;며 &quot;대한민국에 K-댄스 열풍을 일으킨 여덟 크루의 수준 높은 퍼포먼스를 시청자에게 생생히 전달하기 위해, 화질 개선 등 생동감 넘치는 생중계를 준비 중&quot;이라고 말했다.\r\n', '2021-11-08 (14:30)'),
(36, 'admin', 'koeyhni', '아이폰 통화 녹음 앱 스위치, ‘공유 이벤트’', '읽을 수 있는 통화녹음 앱 ‘스위치’를 운영하고 있는 아틀라스랩스가 이달 14일까지 1주간 지인 공유 이벤트를 진행한다.\r\n\r\n이벤트 참여 방법은 간단하다. 스위치 앱에 회원가입을 하고 휴대폰 번호 등록을 마친 후, 참여 링크를 복사해 지인에게 공유하고 해당 화면을 첨부해 이벤트 링크에 신청하면 참여가 완료된다. 스위치 앱의 신규 가입자 및 유/무료 사용자 모두가 대상이다.\r\n\r\n이벤트 참여 혜택은 선착순으로 제공한다. 친구의 공유를 통해 신규 가입한 사용자들에게는 △스위치 무체한 플랜 1만원 이용권(100명)을, 기존 무료 플랜 사용자에게는 △스위치 무제한 플랜 1만원 이용권(100명)을 제공한다. 또, 스위치 유료 플랜 사용자들에게는 △스타벅스 아메리카노 기프티콘(100명)을 증정한다. 모든 혜택은 이벤트 종료일 다음날 일괄 지급될 예정이다. 자세한 참여 방법은 공식 홈페이지의 ‘스위치 공유 이벤트’ 페이지를 통해 확인할 수 있다.\r\n\r\n스위치 관계자는 “최근 아이폰 사용자 가입률이 빠르게 증가하고 있어 해당 기능에 대한 사용자들의 니즈를 실감하고 있다”며, “여전히 통화녹음이 불가능하다고 생각하는 아이폰 사용자들에게 스위치 앱을 통하면 통화녹음이 가능하고 바로 문자로 변환해서 확인할 수 있다는 장점을 더 많이 알리기 위해 기획했다”고 말했다.\r\n\r\n아틀라스랩스는\r\n\r\n아틀라스랩스(Atlas Labs)는 2015년 창업한 서울과 미국 기반의 글로벌 스타트업이다. 자체 개발 음성인식 머신러닝 기술인 제로스(ZEROTH)를 활용해 음성 및 언어 기반의 인공지능(AI)을 연구하며, 음성을 문자로 바꿔주는 AI 통화 스위치(SWITCH) 서비스를 제공하고 있다.\r\n\r\n현재 월 50만 건 이상의 음성 녹음이 문자 데이터로 변환되고 있다.', '2021-11-08 (14:30)'),
(37, 'admin', 'koeyhni', '&quot;갤럭시S22 내년 2월 출시 유력…울트라 모델, S펜 공간 갖춰&quot;', '삼성전자가 내년 2월 경 플래그십 스마트폰 갤럭시 S22 시리즈를 선보일 것이라는 전망이 나왔다.\r\n\r\nIT매체 폰아레나는 유명 IT 팁스터 존 프로서를 인용해 삼성 갤럭시S22 시리즈의 예약 주문이 내년 2월 8일 시작되고, 같은 달 28일 출시될 것이라고 최근 보도했다. 또 그는 구글 픽셀워치의 출시는 2022년 1분기라고 예상했다.\r\n\r\n존 프로서는 출시 일정과 더불어 갤럭시 S22 울트라 모델로 추정되는 사진도 함께 공개했다. 여기서 가장 눈에 띄는 부분은 S펜을 보관할 수 있는 슬롯이다.\r\n\r\n갤럭시S22 시리즈에는 퀄컴 스냅드래곤 898 또는 삼성 엑시노스 2200 칩셋이 장착될 예정이다. 화면 크기는 갤럭시S22은 6.06인치, 갤럭시S22플러스는 6.55인치, 갤럭시S22 울트라의 경우 6.81인치 커브드 디스플레이를 갖출 것으로 보인다.\r\n\r\n세 모델 모두 LTPO 백플레인이 있는 AMOLED 디스플레이를 탑재하지만, 일반 모델과 플러스 모델은 화면 재생률을 초당 120Hz~48Hz로 조절할 수 있는데 반해 울트라 모델은 120Hz~10Hz까지 변경할 수 있어 전력 효율에 도움이 될 것으로 보인다.\r\n\r\n배터리 용량의 경우 일반 모델은 3700mAh, 갤S22 플러스는 4500mAh, 갤S22 울트라는 가장 큰 5000mAh를 탑재할 것으로 전망됐다. 또, 기기 뒷면은 울트라 모델은 유리 소재가 채택되고 나머지 모델은 플라스틱 패널이 탑재될 것으로 예상된다.', '2021-11-08 (14:31)'),
(38, 'admin', 'koeyhni', '“지식재산 거래 활성화” 한국지식재산연구원, 19일 정책포럼 개최', '한국지식재산연구원(원장 손승우)이 한국데이터법학회, 중앙대 산업보안연구소와 공동으로 주최하는 ‘지식재산 정책포럼 : 데이터법의 쟁점과 과제’를 오는 19일 개최한다고 8일 밝혔다.\r\n\r\n‘데이터법의 쟁점과 과제’를 주제로 열리는 이번 정책포럼은 코로나19로 디지털 전환이 가속화되고, 인공지능(AI) 창착물, 데이터, 홀로그램 상표, 화상디자인 등 새롭게 보호해야 하는 지식재산이 대두되는 상황에서 관련 이슈를 점검하고 의견을 공유하기 위해 마련됐다.\r\n\r\n이번 포럼은 총 4부로 구성돼 진행된다. 먼저 제1부 &#039;데이터법의 의의와 체계&#039;에서는 양천수 영남대 교수의 &#039;데이터법의 형성과 분화&#039;를 시작으로 권영준 서울대 교수가 &#039;데이터 귀속, 보호, 거래의 법리&#039;를, 선지원 광운대 교수가 &#039;데이터 공유의 모색과 법적 문제&#039;를 각각 발표한다.', '2021-11-08 (14:31)'),
(39, 'admin', 'koeyhni', 'MRI로 방사선 항암 치료 효과 눈으로 확인한다', '과학기술의 발달로 암 치료기법도 날로 환자친화적으로 바뀌고 있다. 그렇지만 여전히 암 치료에 있어서 많이 사용되는 것은 외과수술, 화학요법, 방사선 요법이다. 다른 치료법도 마찬가지지만 방사선 요법 역시 암조직 이외 정상조직의 손상을 최소화하려고 하지만 그 영향을 정확히 파악하기는 어려웠다. 국내 연구진이 자기공명영상(MRI)을 이용해 치료효과를 한 눈에 파악할 수 있는 기술을 개발해 주목받고 있다.\r\n\r\n한국원자력의학원 방사선의학연구소, 조선대병원 영상의학과, 경희대 임피던스영상신기술연구센터 공동연구팀이 MRI의 도전율을 이용해 방사선 항암치료 이후 조직변화를 영상화하고 정량화할 수 있는 방법을 찾았다고 8일 밝혔다. 이 같은 연구결과는 종양학 분야 국제학술지 ‘캔서스’에 실렸다. 도전율은 물체에 전류가 흐르는 정도를 알려주는 물리량으로 사람의 몸은 조직 구성 이온 농도와 이동도에 따라 생체 내 도전율이 다르게 나타나는 것으로 알려져 있다.\r\n\r\n이전에도 MRI를 활용해 방사선 항암치료 효과를 평가하는 방법이 있었지만 민감도가 낮아 치료효과를 정확히 알 수는 없었다. 이에 연구팀은 MRI 기반 도전율 영상을 이용해 방사선 치료효과를 파악할 수 있는 방법을 찾아냈다. 방사선 치료는 조직성분의 이온화를 유발해 방사선을 쪼인 조직은 그렇지 않은 조직보다 이온이 많이 생성되고 그로 인해 도전율이 눈에 띄게 증가한다.\r\n\r\n실제로 뇌암을 유발시킨 생쥐를 이용해 방사선 조사선량과 노출시간을 변화시키면서 도전율 변화를 영상으로 관찰했다. 그 결과 도전율 차이에 따라 암의 크기와 정상조직 변화를 한 눈에 파악해 이전보다 방사선 항암치료의 효과를 쉽게 파악할 수 있었다.\r\n\r\n박지애 원자력의학원 박사는 “이번 연구를 통해 방사선 치료에 대한 정량화와 주변 정상조직의 손상 등을 영상을 통해 손쉽게 파악할 수 있게 됨에 따라 암 환자의 치료과정을 상세히 모니터링해 향후 치료방향을 정하는데도 도움을 줄 수 있을 것”이라고 말했다.\r\n', '2021-11-08 (14:32)'),
(40, 'hminwo98', 'admin', '탈모예방법', '- 남성호르몬을 감소시키는 피나스테라이드 투여\r\n\r\n- 경구약 피나스테라이드를 복용하여 테스토스테론의  DHT 호르몬 전환을 막음\r\n\r\n- 미녹시딜을 두피에 발라 영양분을 공급함.\r\n\r\n- 세포분열이 빠른 모발은 영양분을 공급하여 두피를 확장시켜 탈모방지', '2021-11-08 (14:36)'),
(41, 'hminwo98', 'admin', '하루 10분 동안 달리면 생기는 변화', '헬스장에 갈 의욕이 나지 않는다면, 동기부여가 없는 그 상태로 10분만 달려보세요.\r\n10분은 매일 성취하기 쉬운 목표로 시간을 크게 잡아먹지 않아 더 하게 되는 경향이 있습니다.\r\n이 10분 동안의 달리기는 속도를 내어 달리고 그 속도를 유지할 수 있는 가장 이상적인 시간입니다. 어느 정도 속도를 내며 달리게 되면 등 근육 발달에 도움이 되고, 매력적인 등 라인을 가지게 될 것입니다.', '2021-11-08 (14:38)'),
(42, 'hminwo98', 'admin', '올바른 수분 섭취', '우리 몸이 하루 필요로 하는 수분 섭취량은2.5L정도 됩니다.\r\n실제로 우리가 섭취하는 물의 양은 1.3L로 약 7컵이고, 식품 속 함유된 물로 섭취하는 건 1L 정도입니다. 이 물의 경우 소변으로 1.5L, 땀으로 0.5L, 기타 호흡과 대변으로 배출이 됩니다.\r\n그러므로 적어도 하루에 7~10컵 정도의 물을 수시로 섭취해 주는 것이 우리 몸의 신진대사에도 도움이 됩니다. 하지만 식사 중이나 식사 직후에 너무 많은 양의 물을 섭취하는 것은 소화에 부담을 줘서 바람직하지 않습니다. 따라서 식사 후 30분 뒤 수분을 섭취하는 것이 소화에는 더 도움이 되겠습니다.', '2021-11-08 (14:39)'),
(43, 'hminwo98', 'admin', '카페인 하루 섭취 권장량', '성인, 소아와 청소년, 임산부의 하루 카페인 권장량은\r\n성인의 경우 하루 400mg 이하\r\n소아 청소년의 경우 체중 1kg 당 2.5mg 이하\r\n임산부의 경우 하루 300mg 이하 섭취를 권장합니다.\r\n모두들 커피 적당히 드세요', '2021-11-08 (14:42)'),
(44, 'hminwo98', 'admin', '민트초코는 누가 만들었는가', '1973년 엘리자베스 2세는 그녀의 딸인 &#039;앤&#039; 공주의 결혼식을 축하하기 위해 디저트 콘테스트를 열게 되었는데요. 이 콘테스트의 우승작을 공주 결혼식의 공식 디저트로 선정하게 되었습니다. 수 많은 경쟁 디저트들을 물리치고 우승을 한 것이 바로 최초의 민트초고 아이스크림 &#039;민트로얄&#039;입니다.', '2021-11-08 (14:48)'),
(45, 'hminwo98', 'admin', '호불호 음식 월드컵', '파인애플피자\r\n번데기\r\n선지\r\n굴\r\n홍어삼합\r\n오이\r\n민트초코\r\n\r\n당신이 좋아하는 음식은 몇개인가요?\r\n\r\n', '2021-11-08 (14:53)'),
(46, 'hminwo98', 'admin', '차세대 국가대표 선수 위한 스포츠과학 토크콘서트 열어', '국민체육진흥공단(이사장 조현재) 한국스포츠정책과학원(이하 과학원)이 지난 10월 30일(토) 올림픽공원 뮤즈라이브에서 차세대 국가대표 선수를 위한 스포츠과학 토크콘서트가 성황리에 끝났다고 밝혔다.\r\n\r\n\r\n 이번 행사는 방역수칙을 준수하여 진행되었으며, 사전신청을 통해 차세대 국가대표 선수(국가대표 후보, 청소년 대표, 꿈나무)와 학부모, 지도자 약 70명이 참석하는 한편 유튜브 ‘KSPO 차세대스포츠과학지원팀’ 채널을 통해서도 동시에 생중계되었다.', '2021-11-08 (14:58)'),
(47, 'hminwo98', 'admin', '코로나 시대 스포츠산업의 소비 트렌드 전망은? 2021 스포츠산업 콘퍼런스 개최', '국민체육진흥공단(이사장 조현재) 한국스포츠정책과학원은 문화체육관광부(장관 황희)와 함께 오는 22일(금) 오후 2시부터 2021년 제2차 스포츠산업 콘퍼런스를 개최한다고 밝혔다.\r\n\r\n\r\n 콘퍼런스는 ‘스포츠산업 소비 트렌드 전망’이라는 주제로 진행되며, 국민체육진흥공단 공식 유튜브 채널 ‘KSPO국민체육진흥공단’에서 생중계될 예정이다.', '2021-11-08 (14:58)'),
(48, 'hminwo98', 'admin', '치매의 예방 수칙', '1. 정기적인 건강검진을 받습니다.\r\n2. 과도한 음주와 흡연을 피합니다.\r\n3. 적절한 운동을 합니다.\r\n4. 균형 잡힌 영양을 섭취합니다.\r\n5. 활발하게 두뇌를 사용합니다.\r\n6. 적절한 대인관계와 사회활동을 유지합니다.\r\n7. 우울증을 치료합니다.\r\n8. 기억력이 떨어지면 조기에 진료를 받습니다.', '2021-11-08 (15:00)'),
(49, 'hminwo98', 'admin', '식중독 예방법', '여름철 식중독 예방 요령\r\n\r\n    집단급식소 등에 납품되는 식재료들이 적절한 온도 관리 없이 외부에서 방치되지 않도록 식재료 보관과 부패 변질에 주의하기\r\n    샐러드 등 신선 채소류는 깨끗한 물로 잘 세척하기\r\n    물은 되도록 끓여 마시기\r\n    육류나 어패류 등을 취급한 칼ㆍ도마와 교차 오염이 발생하지 않도록 구분하여 사용하기\r\n    별도의 칼ㆍ도마가 없을 경우에는 과일 및 채소류에 먼저 사용한 후 육류나 어패류에 사용하여 교차 오염을 최소화하기\r\n    나들이를 갈 경우 이동 중 준비해 간 김밥, 도시락 등의 보관 온도가 높아지거나 보관 시간이 길어지지 않도록 아이스박스를 사용하는 등 음식물 섭취 및 관리에 주의하기\r\n', '2021-11-08 (15:04)'),
(50, 'admin', 'hminwo98', '배우고 싶은 체육, 여기 다 있다!’ K스포에듀 런칭', '국민체육진흥공단(이사장 조현재)은 국민들이 언제 어디서든 체육 관련 지식들을 접할 수 있는 온라인 체육 교육 플랫폼 ‘K스포에듀’를 런칭 했다고 밝혔다.', '2021-11-08 (15:05)'),
(51, 'admin', 'hminwo98', '체육계 위기극복 속도 낸다...추경예산 288억원 투입', '국민체육진흥공단(이사장 조현재, 이하 공단)이 코로나19로 인해 어려움을 겪고 있는 체육계 위기극복 지원에 박차를 가하고 있다.\r\n\r\n\r\n 공단은 지난 3월 이사장을 단장으로 하는 ‘코로나19 위기극복 지원 추진단’을 신설해 운영 중이며, 이번 2차 추경으로 실내 체육시설 고용지원, 경영난을 겪고 있는 민간체육시설 이용 활성화 등을 위한 288억원의 예산을 확보해 지난 1차 추경액 1,005억원과 함께 총 1,333억원을 추가로 투입해 코로나19로 침체된 체육계 지원에 속도를 낼 전망이다.', '2021-11-08 (15:06)'),
(52, 'admin', 'hminwo98', '한국프로스포츠협회와 체육진흥투표권사업 건전화 업무협약 체결', '국민체육진흥공단(이사장 조현재, 이하 공단)은 지난 4일(목) 올림픽 문화센터에서 한국프로스포츠협회(회장 김희옥)와 체육진흥투표권사업 건전화를 위한 업무협약을 체결했다고 밝혔다.\r\n\r\n\r\n 이번 업무협약은 공단의 주요사업인 체육진흥투표권사업과 프로스포츠의 건전한 발전에 필요한 협력 방안을 모색하기 위해 추진되었으며, 공단 조현재 이사장과 한국프로스포츠협회 김희옥 회장이 참석한 가운데 진행되었다.', '2021-11-08 (15:06)'),
(53, 'admin', 'hminwo98', '美 반도체 자료 제출 임박…삼성·SK하이닉스, 민감한 내용 뺄 듯', '미국 정부가 요구한 반도체 영업정보 제출 시한이 임박한 가운데 삼성전자와 SK하이닉스가 민감한 내용을 빼고 자료를 제출할 전망이다. TSMC, 마이크론 등 업체들은 이미 예민한 내용은 제외하고 자료를 냈다.', '2021-11-08 (15:07)'),
(54, 'admin', 'hminwo98', '스타트업 만난 이재명 &quot;금지사항 빼고 다 해라&quot;', '이재명 더불어민주당 대선후보가 직방·컬리·배달의민족(배민)·왓챠·토스·두나무 등 국내 대표 스타트업 관계자들과 만났다.\r\n\r\n스타트업 관계자들은 이 대선후보에게 스타트업이 현재 국내 일자리 창출·사회 혁신 등에 기여하고 있음을 강조하고 낡은 규제 타파 등의 정책적 지원을 요청했다.', '2021-11-08 (15:08)'),
(55, 'admin', 'hminwo98', '&#039;더 많은 타다&#039; 만들겠다더니…속타는 모빌리티 기업들', '&#039;타다금지법&#039;(여객자동차운송사업법 개정안)이 국회를 통과한 지 1년6개월이 지났지만, 여전히 국토교통부가 약속한 제 2의 타다는 나오지 않고 있다. 과학기술정보통신부의 ICT융합 규제샌드박스를 통과한 사업자들이 지난달까지 국토부의 플랫폼운송사업(타입1) 허가를 받을 예정이었으나, 이마저도 미뤄진 상황이다.', '2021-11-08 (15:09)'),
(56, 'admin', 'hminwo98', '코로나19에도 활발한 소통…경남교육청 국제교육 교류 활기', '경남교육청은 코로나19 장기화에 따라 온라인 국제교육 교류를 활성화한 &#039;On-누리 배움 프로그램&#039;을 운영 중이다.\r\n\r\n올해는 경남 18개 학교 초·중·고 학생 233명이 일본·중국·말레이시아·인도네시아·대만·인도·베트남 등 7개국 학생과 교류하고 있다.', '2021-11-08 (15:09)'),
(57, 'admin', 'hminwo98', 'BTS, 임영웅…올해 최고 가수는 누구?', '멜론뮤직어워드(MMA)2021이 톱(TOP) 10 및 부문별 투표를 시작하며 올해를 빛낸 아티스트와 노래를 본격적으로 조명한다.\r\n\r\n카카오엔터테인먼트(대표 이진수, 김성수) 뮤직 플랫폼 멜론은 8일 낮 12시부터 22일까지 TOP10 투표와 올해의 아티스트 등 9개 부문별 투표를 진행한다고 8일 밝혔다.\r\n', '2021-11-08 (15:09)'),
(58, 'admin', 'hminwo98', '몽골 스포츠의학연구센터와 스포츠과학 발전 협력', '국민체육진흥공단(이사장 조현재) 한국스포츠정책과학원(이하 과학원)은 21일(목) 몽골 스포츠의학연구센터(Sports Medicine and Research Center of Mongolia)과 스포츠과학 연구 및 선수 훈련 분야 협력을 위한 업무협약을 체결했다.', '2021-11-08 (15:10)'),
(59, 'admin', 'hminwo98', '농어촌 유망 학생선수 장학금 지원', ' 국민체육진흥공단(이사장 조현재, 이하 공단)은 농어촌 지역의 유망 학생선수를 위한 장학금 전달식을 가졌다고 밝혔다.\r\n\r\n\r\n 농어촌 학생선수 장학금 전달식은 공단의 사업이 이루어지고 있는 인근지역의 학생선수를 대상으로 올해 처음 시행되는 장학제도이다.\r\n\r\n\r\n', '2021-11-08 (15:11)'),
(60, 'jmkhan99', 'admin', ' 홈페이지 게시판에서 에러 메시지가 뜹니다.', '에러 메시지가 뜨면서 글 목록이 보이지 않습니다. 어떻게 해야 할까요?', '2021-11-08 (14:33)'),
(61, 'jmkhan99', 'admin', '동영상 재생 에러', '홈페이지 안에 있는 동영상을 재생하면 에러가 납니다. 해결 방법 알려주세요.', '2021-11-08 (14:36)'),
(62, 'jmkhan99', 'admin', '회원정보 수정 방법 좀 알려주세요.', '회원정보 수정 메뉴 위치와 사용방법을 모르겠네요. ', '2021-11-08 (14:37)'),
(63, 'jmkhan99', 'admin', '포인트 적립 시스템에 대해 알려주세요.', '홈페이지 안에서 포인트 적립 어떻게 하면 되나요?', '2021-11-08 (14:38)'),
(64, 'jmkhan99', 'admin', '로그인 에러가 납니다.', '로그인 할 때 에러가 나면서 로그인 되지 않습니다. 방법 좀 알려주세요. ㅜㅜ', '2021-11-08 (14:39)'),
(65, 'jmkhan99', 'admin', '관리자님 항상 감사합니다.', '매번 친절하게 질문에 답변해 주셔서 감사합니다. ', '2021-11-08 (14:40)'),
(66, 'jmkhan99', 'admin', '안녕하세요 관리자님', '다운로드한 파일이 열리지 않습니다. 도와주세요.', '2021-11-08 (14:43)'),
(67, 'jmkhan99', 'admin', '검색 기능 사용 방법 좀 알려주세요.', '홈페이지 메뉴가 너무 많아서 사용이 어렵습니다. 검색 기능 사용 방법 좀 알려주세요.', '2021-11-08 (14:44)'),
(68, 'admin', 'jmkhan99', 'RE:  홈페이지 게시판에서 에러 메시지가 뜹니다.', '브라우저에 따라 홈페이지 이용에 어려움이 있을 수 있습니다. 크롬이나 파이어폭스를 통해 접속해보세요.\r\n\r\n-----------------------------------------------\r\n&gt; 에러 메시지가 뜨면서 글 목록이 보이지 않습니다. 어떻게 해야 할까요?', '2021-11-08 (14:47)'),
(69, 'admin', 'jmkhan99', 'RE: 동영상 재생 에러', '동영상 재생 페이지에서 홈페이지 전용 플레이어를 설치해 주시고 페이지를 새로고침 한 후 다시 한번 실행해 보세요.\r\n\r\n-----------------------------------------------\r\n&gt; 홈페이지 안에 있는 동영상을 재생하면 에러가 납니다. 해결 방법 알려주세요.', '2021-11-08 (14:48)'),
(70, 'admin', 'jmkhan99', 'RE: 회원정보 수정 방법 좀 알려주세요.', '로그인 후 상단과 좌측의 로그인 정보 창에서 회원정보수정이 가능합니다. \r\n\r\n-----------------------------------------------\r\n&gt; 회원정보 수정 메뉴 위치와 사용방법을 모르겠네요. ', '2021-11-08 (14:49)'),
(71, 'admin', 'jmkhan99', 'RE: 포인트 적립 시스템에 대해 알려주세요.', '포인트 적립은 게시판 글쓰기를 통해 가능합니다. 글쓰기를 한 번 할 때마다 일정 포인트가 적립됩니다. \r\n\r\n-----------------------------------------------\r\n&gt; 홈페이지 안에서 포인트 적립 어떻게 하면 되나요?', '2021-11-08 (14:50)'),
(72, 'admin', 'jmkhan99', 'RE: 관리자님 항상 감사합니다.', '홈페이지 이용에 도움이 되었다니 다행입니다. 앞으로도 많은 이용과 방문 부탁드립니다.\r\n\r\n-----------------------------------------------\r\n&gt; 매번 친절하게 질문에 답변해 주셔서 감사합니다. ', '2021-11-08 (14:51)'),
(73, 'admin', 'jmkhan99', 'RE: 로그인 에러가 납니다.', '로그인시 어떤 에러가 나는지 구체적으로 알려주시면 감사하겠습니다. 홈페이지 하단에 있는 고객센터 연결을 이용하시면 상담원이 도와드릴 수 있습니다. \r\n\r\n-----------------------------------------------\r\n&gt; 로그인 할 때 에러가 나면서 로그인 되지 않습니다. 방법 좀 알려주세요. ㅜㅜ', '2021-11-08 (14:52)'),
(74, 'admin', 'jmkhan99', 'RE: 안녕하세요 관리자님', '다운로드한 파일이 어떠한 종류의 파일이신지 알려주세요. 파일의 종류에 따라 필요한 프로그램이 있을 수 있습니다. \r\n\r\n-----------------------------------------------\r\n&gt; 다운로드한 파일이 열리지 않습니다. 도와주세요.', '2021-11-08 (14:53)'),
(75, 'admin', 'jmkhan99', 'RE: 검색 기능 사용 방법 좀 알려주세요.', '홈페이지 통합 검색 기능은 홈페이지 우측 상단의 돋보기 표시를 클릭하면 가능합니다. 찾기 어려우실 경우 고객센터를 통해 원격지원을 받으실 수 있습니다. \r\n\r\n-----------------------------------------------\r\n&gt; 홈페이지 메뉴가 너무 많아서 사용이 어렵습니다. 검색 기능 사용 방법 좀 알려주세요.', '2021-11-08 (14:55)'),
(76, 'jmkhan99', 'admin', 'RE: RE: 검색 기능 사용 방법 좀 알려주세요.', '고객센터를 통해 도움 받았습니다. 알려주셔서 감사합니다.\r\n\r\n-----------------------------------------------\r\n&gt; 홈페이지 통합 검색 기능은 홈페이지 우측 상단의 돋보기 표시를 클릭하면 가능합니다. 찾기 어려우실 경우 고객센터를 통해 원격지원을 받으실 수 있습니다. \r\n&gt;\r\n&gt;-----------------------------------------------\r\n&gt;&gt; 홈페이지 메뉴가 너무 많아서 사용이 어렵습니다. 검색 기능 사용 방법 좀 알려주세요.', '2021-11-08 (14:56)'),
(77, 'admin', 'jmkhan99', '이벤트 안내드립니다.', '가을 이벤트가 곧 시작합니다. 홈페이지 상단의 이벤트 메뉴에서 자세한 내용을 확인하세요. ', '2021-11-08 (15:09)'),
(78, 'jmkhan99', 'admin', 'RE: 이벤트 안내드립니다.', '이벤트 내용 확인했습니다. 알려주셔서 감사합니다. ^_^\r\n\r\n-----------------------------------------------\r\n&gt; 가을 이벤트가 곧 시작합니다. 홈페이지 상단의 이벤트 메뉴에서 자세한 내용을 확인하세요. ', '2021-11-08 (15:10)'),
(79, 'jmkhan99', 'admin', '안녕하세요.', '매번 홈페이지에 관리가 수고가 많으십니다. 날씨가 쌀쌀한데 건강 조심하세요. ', '2021-11-08 (15:11)'),
(80, 'kyk0630', 'admin', '3기신도시 2차 사전청약도 흥행…1만호 모집에 10만명 몰려', '사전청약 1만102호 공급에 10만명 신청\r\n국토교통부는 2021년 2차 공공분양 사전청약 접수결과 약 10만명이 신청했다고 밝혔다.\r\n\r\n이번에는 남양주왕숙2, 인천검단, 성남신촌·복정2 등지에서 총 1만102호 사전청약 접수를 받았다.\r\n\r\n사전청약 접수결과 공공분양주택 15대1(특별 8.3대1, 일반 42.2대1), 신혼희망타운은 2.9대1의 경쟁률을 기록했다.\r\n\r\n3기 신도시인 남양주왕숙2의 경우 1,412호공공분양 공급에 4만8천명이 신청해 34.2대1의 경쟁률을 보였다.\r\n\r\n그 중에서도 A3블록 전용84㎡은 1만5천여 명이 신청해 81.2대1의 경쟁률로 마감됐다.\r\n\r\n성남신촌 지구는 304호 공공분양 공급에 약 7천3백명이 신청했고, 2기 신도시인 인천검단·파주운정3도 각각 1만1천명, 2만1천명이 신청했다.\r\n\r\n신혼희망타운 소규모(당해 100%공급) 입지 중에서는 성남낙생 전용 59㎡ 테라스형이 경쟁률 13.9대1 가장 큰 인기를 보였다.\r\n\r\n수도권 거주자까지 공급하는 수원당수는 전체 5.4대1을 보였다.\r\n\r\n사전청약 신청자 중에서는 공공분양주택의 경우 연령으로는 30대가 가장 많았고(44.8%), 40대(27.8%), 50대(13.6%)가 뒤를 이었다.\r\n\r\n신혼희망타운의 경우 30대 72.9%, 20대 14.8%로 대부분을 차지했다.\r\n\r\n지역별로는 신청자 중 서울이 35.0%, 경기·인천이 64.8%를 차지했다.\r\n\r\n신청자에 대해서는 청약통장 적정여부 확인 등을 거쳐 당첨자를 이달 25일에 우선 발표하고, 소득·무주택 등 기준에 부합하는지를 추가로 심사해 확정할 예정이다.\r\n\r\n아울러, 다음 3차 사전청약은 18일 청약공고를 시작으로 접수신청 등이 진행될 예정이다.\r\n\r\n하남교산(1,056호)·과천주암(1,535호)·시흥하중(751호)·양주회천(825호) 등 4천 여호가 포함된다.\r\n\r\n특히, 이번 사전청약에 당첨되지 않더라도 11월 사전청약 신청이 가능하도록 당첨결과 발표 이후 다음 3차 사전청약 접수를 시작할 예정이다.', '2021-11-08 (14:44)'),
(81, 'kyk0630', 'admin', '홍남기 &quot;전국민 재난지원금, 여건상 올해는 여러가지로 어려워&quot;', '&quot;초과세수 31조5천억 이미 지출로 사용…더 들어오는 것 10조 조금 넘을것&quot;\r\n\r\n\r\n(서울=연합뉴스) 김연정 기자 = 홍남기 부총리 겸 기획재정부 장관은 8일 더불어민주당 이재명 대선후보의 전국민 재난지원금 추가 지급론에 대해 &quot;여건상 올해는 추가경정예산이 있을 수도 없을 것 같고 여러가지로 어려울 것 같다&quot;고 말했다.\r\n\r\n홍 부총리는 국회 예산결산특별위원회 종합정책질의에서 국민의힘 류성걸 의원이 &#039;이 후보가 최하 추가로 30만~50만원을 지급해야 한다고 하는데 올해 지급을 할 수 있나&#039;라고 묻자 이렇게 답했다.\r\n\r\n홍 부총리는 류 의원이 &quot;재난지원금을 추가 지급하려면 금년에 추경을 하지 않으면 올해 절대로 지급할 수가 없다&quot;고 재차 질문하자 &quot;네. 뭐 규모상…&quot;이라고 수긍했다.\r\n\r\n이어 류 의원이 김부겸 국무총리에게도 &quot;절차상으로 전국민 추가 재난지원금 지급이 절대로 안 되는데 어떻게 생각하나&quot;라고 질의했고, 김 총리도 &quot;그러니까 절차상은…&quot;이라고 인정했다.\r\n\r\n홍 부총리는 이 후보가 재난지원금 재원으로 거론하는 &#039;초과세수&#039; 규모가 어느 정도인지 묻자 10조원 이상이라고 밝혔다.\r\n\r\n전날 이 후보는 페이스북 글에서 &quot;나라 곳간이 꽉꽉 채워지고 있다&quot;며 전국민 재난지원금 지급 필요성을 재차 강조하면서 &quot;올해 초과 세수가 약 40조원 가량 될 것이라 한다&quot;고 주장한 바 있다.\r\n\r\n이와 관련, 홍 부총리는 &quot;7월에 저희가 2차 추경을 하면서 (초과세수로 들어온) 31조5천억원은 이미 세입경정을 해서 지출로 사용했고, 그 이후에 조금 더 들어올 수 있을 것 같다&quot;며 &quot;(규모는) 조 단위가 될 것&quot;이라고 말했다.\r\n\r\n그러자 류 의원이 &#039;10조원쯤 되나&#039;라고 추가로 물었고 &quot;그거보다는 조금 넘을 것 같다&quot;고 답했다.\r\n\r\n류 의원이 &quot;이 후보가 말한 1인당 30만~50만원을 하면 15조~25조원이 되는데 초과세수가 10조원이라고 하면 그중 지방교부세, 국채 상환을 제외하면 3조원밖에 안 남는다&quot;며 &quot;정부여당이 만약 올해 추경을 한다해도 15조~25조원이 필요한데 3조원 밖에 안 남으니 12조~22조원을 국채 발행을 해야 한다. 말이 되나&quot;라고 따져물었다.\r\n\r\n이에 대해 김 총리는 &quot;뭐 그런 방식으로는 좀 무리가 있을 것 같다&quot;고 답변했다.', '2021-11-08 (14:46)'),
(82, 'kyk0630', 'admin', '세계 코로나 확진자 2억5천만 육박…인구 3.2% 감염', '세계 신종코로나바이러스 감염증(코로나19) 누적 감염자 수가 전 인류의 3.2%에 해당하는 2억5천만 명에 근접했다.\r\n\r\n중국 우한(武漢)에서 발생한 원인불명의 폐렴으로 재작년 말 세계보건기구(WHO)에 코로나19의 존재가 알려진 지 약 22개월 만이다.\r\n\r\n각국은 백신 접종 확대에 힘입어 &#039;위드 코로나&#039;(단계적 일상회복)에 시동을 걸고 있지만, 동유럽 등 일부 지역에선 겨울철을 앞두고 신규 확진자 수가 급격히 늘면서 잇따라 비상등이 켜지고 있다.\r\n\r\n누적 확진자 2억4천974만 명…사망자는 529만 명\r\n7일(현지시간) 영국 로이터 통신이 제공하는 세계 240개국의 코로나19 실시간 현황 자료에 따르면 이날 현재 세계 코로나19 누적 확진자는 2억4천974만5천 명이고, 누적 사망자 수는 529만9천 명으로 집계됐다.\r\n\r\n전 세계 인구(약 79억 명)의 3.16%가 코로나19에 걸렸다는 이야기다.\r\n\r\n확진자 증가세는 델타 변이 등장 초기보다 완만해졌지만, 여전히 높은 수준이다.\r\n\r\n로이터는 &quot;분석 결과 지난 3개월 동안 일평균 신규 확진자 수가 36% 감소했다&quot;면서 &quot;그런데도 90일마다 5천만 명이 추가로 감염되고 있다. 발생 초기에는 5천만 명이 감염되는 데 1년이 걸렸다&quot;고 밝혔다.\r\n\r\n그러나, 보건 전문가들은 많은 국가가 백신 접종 등에 힘입어 최악의 시점을 넘겼다며 낙관적인 전망을 내놓았다.\r\n\r\nWHO의 전염병학자인 마리아 밴커코브는 &quot;우리는 현재부터 2022년 말까지를 바이러스에 대한 통제력을 갖고 중병률과 사망자 수를 크게 줄일 수 있는 지점으로 본다&quot;고 말했다.\r\n\r\n영국이 지난 4일 미국 제약사 머크앤드컴퍼니(MSD)가 개발한 코로나19 경구용 항바이러스 치료제 &#039;몰누피라비르&#039;의 사용을 승인하는 등 인류가 코로나19에 맞설 무기도 차례로 등장하고 있다.\r\n\r\n다만, 전문가들은 날씨가 추워져 실내 활동이 증가하고 연말연시 모임이 늘어나면 확진자 증가세가 다시 가팔라질 수 있다는 점을 변수로 지목했다.\r\n\r\n유럽선 재확산 확연…&quot;나흘에 100만 명씩 감염&quot;\r\n보건 전문가들의 장밋빛 전망과는 별개로, 동유럽 등 일부 지역에선 코로나19 신규 확진자 수가 무섭게 치솟고 있다.\r\n\r\n로이터 자료에 따르면 세계 240개국 가운데 51개국에서 코로나19 확진자 수가 늘고 있다.\r\n\r\n이중 유럽 전역에서는 나흘에 100만 명씩 새롭게 감염되는 것으로, 세계 신규 확진자의 절반이 넘는 규모다.\r\n\r\n특히 러시아와 우크라이나 등에서 신규 확진자가 역대 최대 수준을 보이는 등 백신 접종률이 낮은 동유럽 국가를 중심으로 코로나19 재확산세가 확연하다.\r\n\r\n러시아는 유급 휴무령 등으로 주민 이동을 통제하고 있지만, 뚜렷한 효과를 내지 못하는 모양새다. 주된 원인으로는 30%대에 그치는 저조한 백신 접종률이 꼽힌다.\r\n\r\n저소득·빈곤국들도 여전히 심각한 위험에 노출돼 있다.\r\n\r\n코로나19 관련 국제 통계 사이트인 &#039;아워월드인데이터&#039;에 따르면 저소득 국가의 백신 접종률은 현재 5% 내외에 불과하다.\r\n\r\n이에 WHO와 주요 구호기구들은 지난달 중·저소득 국가의 백신 접종과 진단, 치료제 확보 등을 돕기 위해 향후 12개월간 234억 달러(약 27조6천억 원)가 필요하다며 선진국에 도움을 촉구했다.\r\n\r\nWHO 산하 범미보건기구(PAHO)의 자르바스 바르보자 부국장은 &quot;백신 불평등이 (백신) 보급 목표 달성에 가장 큰 장애가 되고 있다&quot;고 말했다.', '2021-11-08 (14:47)'),
(83, 'kyk0630', 'admin', '[속보] 당국 &quot;먹는 코로나19 치료제 내년 2월부터 단계적 국내 도입&quot;', '[속보] 당국 &quot;먹는 코로나19 치료제 내년 2월부터 단계적 국내 도입&quot;', '2021-11-08 (14:47)'),
(84, 'kyk0630', 'admin', '카드사 노조 &quot;카드 수수료 인하 반대&quot; 총파업 예고', '카드사 노동조합이 카드 수수료 추가 인하를 반대하며 총파업을 예고하고 나섰다.\r\n\r\n카드사노동조합협의회(이하 협의회)는 8일 서울 정동 사무금융노조 회의실에서 가진 기자회견에서 &quot;카드 가맹점 수수료 인하 추진을 즉시 중단하고 &#039;적격비용 재산정 제도&#039;를 폐지하라&quot;며 &quot;금융당국과 정치권이 유의미한 대답을 내놓지 않으면 총파업도 불사하겠다&quot;고 밝혔다.\r\n\r\n적격비용 재산정은 3년마다 카드 가맹점수수료 원가를 재평가해 가맹점수수료에 반영하는 제도다. 2018년 이 제도에 따라 가맹점수수료 인하 결정이 내려졌고, 2019년 초부터 새 수수료가 적용됐다. 현재 금융위원회는 가맹점수수료 인하 발표를 검토 중인 것으로 알려졌다.\r\n\r\n협의회는 &quot;금융위와 정치권의 일방적인 가맹점 수수료 인하 정책으로 카드산업과 노동자들은 생존권을 위협받았다&quot;며 &quot;카드산업은 본업인 신용판매에서 매출이 발생할 때마다 적자가 눈덩이처럼 불어나는 기형적 구조로 변질됐다&quot;고 지적했다.\r\n\r\n협의회는 금융위가 카드 가맹점 수수료를 재차 인하할 경우 대표자 회의를 통해 총파업 여부와 그 수위를 결정하겠다는 방침이다. 협의회는 최악의 경우 전산을 중단시켜 카드 결제를 막는 방안까지 고려하고 있는 것으로 전해졌다.\r\n\r\n정종우 협의회 의장은 &quot;7개 카드사지부에서 대의원 대회와 운영위원회를 통해 총파업 관련 일정과 권한을 집행부에 위임했다&quot;며 &quot;노동자로 할 수 있는 마지막 수단인 총파업을 위임받은 만큼 더욱 책임지고 투쟁하고자 한다&quot;고 강조했다.\r\n\r\n한편, 롯데카드노동조합과 신한카드노동조합, 우리카드노동조합, 하나외환카드노동조합, 현대카드노동조합, BC카드노동조합, KB국민카드노동조합 등으로 구성된 협의회는 오는 15일 금융위가 있는 서울 정부서울청사 앞에서 총파업 결의대회를 개최할 계획이다.', '2021-11-08 (14:48)'),
(85, 'kyk0630', 'admin', '전국민 재난지원금 추가 지급...반대 60.1% vs 찬성 32.8%', '국민 10명 중 6명이 더불어민주당 이재명 대선 후보가 제안한 전 국민 재난지원금 추가 지급에 반대하는 것으로 나타났다.\r\n\r\n한국사회여론연구소(KSOI)가 TBS 의뢰로 지난 5일~7일 전국 만 18세 이상 1,900명을 상대로 조사한 결과 60.1%는 &quot;재정에 부담을 주기 때문에 지급하지 말아야 한다&quot;고 말했다.\r\n\r\n이어 &quot;내수 진작을 위해 지급이 필요하다&quot;는 답변은 32.8%로 집계됐다.\r\n\r\n연령별로 보면 20대는 68%, 30대는 60.9%가 재난지원금 추가 지급에 반대했다. 60세 이상도 63.5%가 반대 입장을 밝혔다.\r\n\r\n지역별로는 대구·경북에서 70.5%, 서울 65.3%, 강원·제주 62.1% 순으로 반대 의사를 밝혔다.\r\n\r\n반면 지지 정당으로 분류해 보면 더불어민주당 지지자의 경우 지급 반대가 26.6%, 지급 찬성이 67.5%로 나타났다.\r\n\r\n이번 조사의 표본오차는 95% 신뢰수준에 ±3.1%포인트다. 자세한 내용은 중앙선거여론조사심의위원회와 KSOI 홈페이지를 참고하면 된다.\r\n', '2021-11-08 (14:49)'),
(86, 'kyk0630', 'admin', '금융연구원 “올해 한국 경제성장률 4.1%...내년 3.2% 전망”', '내년 소비자물가 상승률은 2.0% 예상\r\n\r\n한국금융연구원이 올해 경제성장률을 4.1%, 내년은 3.2%로 전망했다. 소비자물가 상승률은 올해와 내년에 각각 2.3%와 2.0%를 기록할 것으로 내다봤다.\r\n\r\n금융연구원은 이날 서울 중구 은행회관에서 ‘2021년 금융동향과 2022년 전망’ 세미나를 열었다.\r\n\r\n발표 내용에 따르면 내년에는 한국과 신흥국의 백신 접종 확대로 견조한 수요 회복이 기대된다. 글로벌 인플레 장기화 가능성, 우리나라와 주요국의 완화정책 축소, 높아진 자산가격과 급증한 부채 규모에 따른 금융불균형 등이 회복세를 제약할 전망이다.\r\n\r\n민간소비 증가율은 올해 3.4%에서 내년 3.5%로 증가할 것으로 내다봤다. 또 설비투자는 8.3%→3.0%, 건설투자는 0.4%→3.6%, 총수출은 8.6%→3.0%, 총수입은 7.6%→4.2%를 각각 기록할 것으로 예측했다.\r\n\r\n박성욱 금융연구원 거시경제연구실장은 “최근 70%를 넘어선 백신 접종 완료율, 개선세가 뚜렷한 소비자 심리지수, 위드코로나로의 정책전환 등에 따라 민간소비 회복세는 내년까지 이어질 것으로 전망된다”며 “세계경제가 코로나19 충격으로부터 회복되면서 IT 품목을 중심으로 재화 교역이 확대되어 왔는데 내년에는 서비스 교역의 점진적인 회복도 우리나라 교역 규모 증가에 기여할 전망”이라고 했다.\r\n\r\n취업자 수는 내년 고용률이 60.7%로 올해(60.4%)보다 소폭 상승하면서 26만 명 증가할 것으로 전망됐다. 올해 빠르게 반등한 고용률 수준이 앞으로도 유지되면서 내년 연평균 고용률이 올해보다 높아질 것으로 내다봤다.\r\n\r\n박 실장은 “올해 9월 25~29세 고용률이 69.4%로 전년동월의 67.0%보다 높아졌지만 2019년 9월의 71.3% 보다는 상당폭 낮은 수준”이라며 “경력단절 후 경제활동을 재개해야 할 연령대의 여성들이 코로나19 충격으로 상당기간 노동시장에 복귀하지 못할 가능성이 있다”고 말했다.\r\n\r\n연간 소비자물가 상승률은 올해 2.3%로 높아진 후 내년에는 물가안정목표 수준인 2.0%를 기록할 것으로 전망됐다.\r\n\r\n박 실장은 “내년 상반기 중 공급측 요인의 영향이 지속되는 가운데 경기 회복에 따른 수요측 요인이 더해지면서 2%를 상회하는 높은 상승률을 이어갈 것으로 예상된다”며 “내년 하반기에는 공급병목현상의 완화, 기저효과 등에 힘입어 물가상승률이 점차 낮아져 1%대 중반 수준을 나타낼 전망”이라고 말했다.\r\n\r\n국고채 3년물의 연평균 금리는 올해 1.4%, 내년 1.8%로 전망했다. 경상수지는 2021년 925억 달러로 확대된 후, 2022년에는 823억 달러 수준으로 감소할 것으로 전망됐다. 내년 원·달러 평균 환율은 한국은행의 점진적 기준금리 인상, 수출 호조 지속 등으로 올해(1145원)보다 다소 낮은 1135원 수준을 예상했다.\r\n\r\n박 실장은 “글로벌 물류망의 원활한 작동 지연, 팬데믹 기간 중 노동력 이탈 및 공급망 훼손 등으로 인한 생산차질, 공급병목현상 지속 등으로 최근 확산된 글로벌 인플레이션이 장기화할 가능성을 배제할 수 없는 상황”이라며 “높은 물가상승세와 더불어 우리나라와 주요국의 통화정책 완화 정도 축소, 높아진 자산가격과 부채규모로 인한 시장불안 가능성 등은 성장의 하방 위험으로 작용할 전망”이라고 했다.', '2021-11-08 (14:50)'),
(87, 'kyk0630', 'admin', '정부, 요소수 수입에 민항 화물기 투입 준비…항공사와 사전협의', '중국발(發) 요소수 품귀 사태를 해결하기 위해 정부가 민항 화물기를 활용한 요소수·요소 수입까지 준비 중인 것으로 확인됐다.\r\n\r\n이번 주 호주에서 요소수 2만ℓ를 군용기로 긴급 수송해 오지만 향후 수입 물량이 확대되면 군용기 수송만으로는 한계가 있는 만큼 민항기 투입 방안도 열어놓고 있는 것으로 보인다.\r\n\r\n8일 정부에 따르면 국토교통부는 대한항공과 아시아나항공을 상대로 화물기 일정과 전세기 운항 가능 여부와 함께 운용 가능한 화물기 현황을 파악 중이다.\r\n\r\n요소수를 수입해 올 국가가 정해지지 않았지만, 수입 확정 시 즉시 화물기를 투입할 수 있도록 정부가 항공사와 사전 협의를 시작한 것으로 분석된다.\r\n\r\n요소수나 원료인 요소를 수입할 수 있는 국가로는 베트남, 인도네시아 등 동남아와 러시아, 미국 등이 거론되고 있다.\r\n\r\n대한항공은 이미 해당 국가에 대한 화물 노선을 운항하고 있기 때문에 수입이 결정되면 신속히 수송에 나설 수 있을 것으로 전망된다. 민항 화물기는 군용기보다 용량이 크고, 상대국의 영공 통과 허가도 받을 필요가 없다.\r\n\r\n대한항공이 보유한 화물기 B747과 B777F는 각각 최대 화물 용량이 100t, 86t으로 47t의 화물을 실을 수 있는 공군의 다목적 공중급유 수송기보다 크다.\r\n\r\n여객기 하부 화물칸에 요소수를 실을 수도 있지만, 무게 등을 고려하면 요소수 운송에는 화물 전세기가 투입될 가능성이 크다.\r\n\r\n다만 대한항공과 아시아나항공의 화물기 운용에 여유가 없다는 점이 변수로 남아있다.\r\n\r\n두 항공사는 화물 성수기를 맞아 현재 화물기를 100% 가동하고 있으며, 심지어 여객기까지 화물기로 개조해 화물 노선에 투입하고 있다. 정부의 운송 요청이 오면 기존 일정을 조정해야 하는 상황인 것으로 전해졌다.\r\n\r\n높은 항공 화물 운임도 요소수 항공 수입을 어렵게 하는 한 요인으로 꼽힌다. 항공 화물 운임지수인 TAC 지수의 지난달 홍콩∼북미 노선 운임은 1㎏당 9.94달러로 역대 최고치를 기록했다.\r\n\r\n항공 화물은 보통 반도체 등 무게당 단가가 높은 고부가가치 제품들이다. 요소수를 항공기로 수송한다면 추가 운임이 부과되고, 이는 국내 요소수값 상승으로 이어질 수 있다.\r\n\r\n국토부 관계자는 &quot;화물기를 투입해야 할 상황이 왔을 때를 대비해 미리 항공사에 협조를 요청한 것&quot;이라며 &quot;실제 수입처가 결정되면 운임과 일정 등을 협상할 것&quot;이라고 말했다.', '2021-11-08 (14:51)'),
(88, 'kyk0630', 'admin', 'IMF &quot;한국 GDP 대비 국가채무 증가 속도 35개 선진국 중 1위&quot;', '한국의 향후 5년간 경제 규모 대비 국가채무 증가 속도가 선진국 반열에 오른 35개국 중 가장 빠를 것으로 관측됐다.\r\n\r\n저출산·고령화 등 국가채무가 늘어날 수밖에 없는 구조인데도 코로나19 사태 이후 재정 긴축에는 속도를 내지 못하면서 나타나는 현상이다.\r\n\r\n국제통화기금(IMF)이 최근 작성한 &#039;재정점검보고서(Fiscal Monitor)&#039;를 8일 보면 5년 뒤인 2026년 한국의 일반정부 국가채무는 GDP 대비 66.7%를 기록할 것으로 예상됐다.\r\n\r\n올해 말 기준 GDP 대비 일반정부 채무비율인 51.3%보다 15.4%포인트 오른 수치다.\r\n\r\nGDP 대비 일반정부 채무비율은 한 나라의 국가채무를 경제규모와 비교해보는 개념이다. 통상 각국 정부의 중기 전망치를 IMF가 취합해 동일한 기준으로 비교한다. 경제 규모와 대비해 높은 국가채무 비율은 해당 국가의 신인도 하락으로 귀결된다.\r\n\r\n향후 5년간 한국의 GDP 대비 일반정부 채무비율 상승폭(15.4%포인트)은 IMF가 선진국으로 분류한 35개국 중 가장 크다.\r\n\r\n같은 기간 35개 선진국의 GDP 대비 채무비율은 121.6%에서 118.6%로 3.0%포인트 내려갈 것으로 관측됐다.\r\n\r\n미국과 영국, 프랑스, 독일, 일본, 캐나다, 이탈리아 등으로 구성된 주요 7개국(G7)의 GDP 대비 채무비율은 139.0%에서 135.8%로 3.2%포인트 하락한다.\r\n\r\nGDP 대비 채무비율 상승 폭 2위인 체코가 8.7%포인트, 3위인 벨기에가 6.3%포인트, 4위인 싱가포르가 6.0%포인트, 5위인 홍콩이 3.8%포인트임을 고려하면 10%포인트대로 오르는 나라는 한국이 유일하다.\r\n한국과 전반적인 선진국들의 GDP 대비 채무비율은 올해와 내년을 기해 방향성이 엇갈린다.\r\n\r\nIMF의 35개 선진국의 GDP 대비 채무비율은 지난해 122.7%에서 올해 121.6%로 1.1%포인트 낮아진다. 2022년에는 119.3%로 올해보다 2.3%포인트 떨어진다. 선진국들은 코로나19 상황에서 비대해진 재정의 역할을 올해부터 줄이기 시작, 내년엔 속도가 배 이상으로 올라간다.\r\n\r\n일례로 캐나다는 지난해 117.5%까지 끌어올렸던 GDP 대비 채무비율을 올해 109.9%로 7.6%포인트 끌어내린다. 내년엔 103.9%로 낮춘다. 새로운 위기를 준비하고자 이번 경제 회복에 맞춰 그동안 비대해진 재정의 역할을 서둘러 축소하면서 나타나는 현상이다.\r\n\r\n이에 반해 한국은 지난해 47.9%였던 GDP 대비 채무 비율이 올해는 51.3%로 3.4%포인트, 내년엔 55.1%로 3.8%포인트 오른다.\r\n한국은 올해 들어서만 1차 추가경정예산으로 14조9천억원을, 2차 추경으로 35조원을 편성했다.\r\n\r\n당초 예상보다 더 들어온 국세 수입 31조5천억원은 2차 추경 당시 국민지원금 등으로 썼고, 이후 더 들어올 것으로 예상되는 10조원 이상의 세수 역시 소상공인에 대한 직간접 지원과 유류세 인하 등 소비에 방점을 두고 있다.\r\n\r\n내년 예산안 총지출 증가율도 8.3%로, 올해 8.9%에서 0.6%포인트 떨어지는 데 그친다.\r\n\r\n전문가들은 한국의 경우 중장기적인 관점에서도 국가채무가 늘 수밖에 없는 구조라는 점을 우려하고 있다. 저출산·고령화 여파로 앞으로 세금을 낼 사람은 줄어드는 반면 세금의 수혜를 입어야 할 계층은 늘기 때문이다.\r\n\r\n정부는 지난해 장기재정전망에서 2060년에 GDP 대비 국가채무 비율이 64∼81%까지 올라갈 것으로 예상한 바 있다.\r\n\r\n다만 한국의 올해 기준 GDP 대비 채무 비율(51.3%)은 35개국 중 25위로 중하위권 수준이다. 국가채무 비율은 급속한 증가세이지만 현재 수준으로 보면 다른 나라에 비해 상대적으로 낮은 수준이어서 당장의 재무 건전성은 무난하다는 평가가 지배적이다. 현재의 채무 수준이라기보다 채무가 늘어나는 속도에 대한 문제인 셈이다.\r\n\r\n한성대 경제학과 김상봉 교수는 &quot;공공기관 부채까지 아우르는 공공부채(D3) 개념으로 한국의 국가부채를 국제적으로 비교하고, 앞으로 고령화 등 변수까지 고려하면, 한국의 재정건전성은 우수한 수준으로 절대 볼 수 없다&quot;면서 &quot;국가재난 사태도, 경제가 매우 안 좋은 상태도, 실업이 많이 발생하는 상황도 아닌 가운데 재난지원금을 줄 이유도 없다&quot;고 말했다.', '2021-11-08 (14:52)'),
(89, 'kyk0630', 'admin', '틱톡서 배운 &#039;살려줘요&#039; 손짓…차에 갇힌 소녀 극적 구조', '소셜미디어에서 유행하는 구조요청 손짓이 미국에서 납치 위기에 있던 소녀를 구했다.\r\n\r\n7일(현지시간) CNN 방송에 따르면 납치 상황을 극적으로 모면한 주인공은 미국 노스캐롤라이나주 애슈빌에 사는 16세 소녀다.\r\n\r\n소녀는 지난 4일 켄터키주에서 한 남성이 운전하는 자동차를 타고 이동하면서 손바닥을 폈다 오므리는 손짓을 내보였다.\r\n\r\n근처를 지나던 다른 자동차의 운전자는 이를 목격하자 전화기를 꺼내 911에 범죄 가능성을 신고했다.\r\n\r\n가정폭력 피해를 외부에 몰래 알려 구조를 요청할 때 취하는 수신호와 유사하다는 걸 눈치 챘기 때문이었다.\r\n\r\n엄지를 감싸며 나머지 손가락을 접는 행동이었다.\r\n\r\n성평등 옹호단체인 캐나다여성재단은 코로나19 봉쇄령 기간에 가정폭력에 노출되는 이들을 위해 이 손짓을 홍보해왔다.\r\n\r\n신고한 운전자는 소녀가 탄 자동차를 11㎞ 정도 따라가며 전화로 위치와 상황을 중계했다.\r\n\r\n소녀를 태운 자동차는 결국 출동한 경찰에 붙잡혔다.\r\n\r\n이틀 전 부모가 소녀의 실종을 신고했다는 사실, 소녀가 운전자에게 억류돼 있었다는 정황이 드러났다.\r\n\r\n납치 용의자는 소녀를 자신의 친척들이 있는 오하이오주로 데려간 것으로 전해졌다.\r\n\r\n그러나 소녀가 실종 신고된 미성년자라는 점을 친척들이 알게 되자 용의자는 소녀를 데리고 켄터키주까지 건너갔다.\r\n\r\n켄터키주 로럴 카운티 경찰은 &quot;주와 주를 오가는 고속도로를 달리면서 소녀가 누가 알아채기를 바라며 얼마나 오랫동안 그 신호를 보냈는지는 모르겠다&quot;고 말했다.\r\n\r\n소녀는 구조 손짓을 짧은 동영상이 게시되는 소셜미디어 틱톡에서 배웠다고 밝혔다.\r\n\r\n틱톡에는 납치됐다가 몰래 손짓으로 신호를 보내 극적으로 구조되는 상황극들이 다수 게시돼있다.\r\n\r\n경찰은 불법 감금 등의 혐의로 소녀와 동행한 남성을 체포했다. 이 남성은 미성년자 성 착취물 소지 혐의도 받고 있다.', '2021-11-08 (14:53)'),
(90, 'admin', 'kyk0630', '[오피셜] &#039;1370억 쓰고 16위&#039; 아스톤 빌라 감독, 결국 경질...후임 미정', '딘 스미스 감독이 아스톤 빌라와 작별했다.\r\n\r\n아스톤 빌라는 7일(한국시간) 구단 홈페이지를 통해 &quot;올 시즌 우리가 바라는 성적을 스미스 감독은 내지 못했다. 지금이 변화의 시기라고 판단해 경질 결정을 내렸다. 그동안 훌륭한 업적을 쌓아온 스미스 감독에게 감사를 표한다. 후임은 선임 작업에 있다&quot;고 공식발표했다.\r\n\r\n스미스 감독은 선수 시절 아스톤 빌라에 몸을 담지 않았지만 집안 대대로 아스톤 빌라 열렬 팬으로 유명했다. 은퇴 후 레이튼 오리엔트에서 코치 생활을 하며 지도자의 길에 들어섰고 월솔FC, 브렌트포드를 지휘하다 2018년 10월 경질된 스티브 브루스 감독 후임으로 중도부임하며 아스톤 빌라 사령탑이 됐다.\r\n\r\n스미스 감독은 곧바로 아스톤 빌라를 승격시켰다. 최종 5위에 올랐지만 플레이오프 준결승에서 웨스트 브로미치 알비온을 격파한 뒤 플레이오프 결승에 올라 더비 카운티까지 꺾었다. 3년 만에 잉글리시 프리미어리그(EPL)로 팀을 올려놓자 아스톤 빌라 팬들은 스미스 감독을 추켜세웠다.\r\n\r\nEPL 첫 시즌은 어려웠다. 잭 그릴리쉬라는 확실한 에이스가 있었으나 계속해서 침체기를 겪으며 강등권을 맴돌았다. 시즌 막판 극적으로 승점을 따내는 경기를 많이 만들어내며 17위에 위치해 간신히 강등에서 벗어났다. 지난 시즌엔 적절히 팀을 잘 운영하며 11위라는 훌륭한 성적을 냈다.\r\n\r\n능력이 있고 성과를 냈으며 팀에 대한 애정이 깊은 스미스 감독과 아스톤 빌라 동행은 이어질 것으로 보였다. 이번 여름 그릴리쉬를 맨체스터 시티로 팔았지만 9,982만 유로(약 1,366억 원)를 들여 에밀리아노 부엔디아, 레온 베일리, 대니 잉스 등을 차례로 영입해 스쿼드를 강화했기에 기대감은 컸다.\r\n\r\n하지만 기대는 곧 실망으로 돌아왔다. 11경기를 치른 현재, 아스톤 빌라는 승점 10점(3승 1무 7패)에 머무는 중이다. 장점이던 공격력은 살아나지 않고 있고 수비는 팀 최다 실점 3위에 오를 정도로 심각한 상황이다. 막대한 투자에도 성적은 나오지 않고 경기 내용도 지지부진하자 결국 아스톤 빌라 보드진은 칼을 빼들었다. 3년여 만에 스미스 감독은 아스톤 빌라를 떠나게 됐다.\r\n\r\n영국 공영방송 &#039;BBC&#039;는 &quot;최근 부진에도 스미스 감독에 대한 아스톤 빌라 팬들의 지지는 높았다. 하지만 보드진은 아스톤 빌라가 유럽대항전에 나가길 원한다. 야심과 맞지 않은 성적에 결국 경질이 된 스미스 감독은 절망을 겪을 것이다&quot;고 평했다.', '2021-11-08 (14:54)'),
(91, 'admin', 'kyk0630', '로저스 맨유행에 구두합의…英 매체가 예상한 베스트 11은?', '맨체스터 유나이티드가 감독 교체 카드를 꺼내들까.\r\n\r\n맨체스터 유나이티드는 6일(이하 한국 시간) 영국 맨체스터의 올드 트래퍼드에서 열린 2021-22시즌 잉글랜드 프리미어리그 11라운드 맨체스터 시티와 홈경기에서 0-2로 패배했다. 에릭 바이의 자책골과 베르나르두 실바의 추가골이 나왔다.\r\n\r\n맨유는 지난달 31일 토트넘을 3-0으로 완파하고 4경기 무승(1무 3패)의 부진에서 벗어나는 듯했지만, 맨체스터 시티에 힘없이 무너지고 말았다.\r\n\r\n좋지 않은 분위기 속에 맨유는 올레 군나르 솔샤르 감독을 경질하려고 했으나 더 믿기로 했다. 그러나 상황이 좋지 않다. 토트넘전을 이겼지만 이후 분위기가 다시 가라앉았기 때문이다.\r\n\r\n영국 매체 &#039;익스프레스&#039;는 7일 &quot;레스터시티의 브렌든 로저스 감독이 맨유 감독직에 구두로 합의했다&quot;라고 보도했다.\r\n\r\n로저스 감독은 스완지시티, 리버풀, 셀틱에 이어 2019년부터 레스터시티를 이끌고 있다. 여러 팀에서 우승 트로피를 들어 올리면서 지도력을 입증했다. 레스터시티에서는 2020-21시즌 FA컵 우승으로 이끌었다.\r\n\r\n이 매체는 &quot;맨유는 로저스 감독을 당장 영입하고 싶다. 그러나 로저스 감독은 시즌이 끝난 뒤 맨유 사령탑이 되고 싶어 한다&quot;라고 전했다.\r\n\r\n&#039;익스프레스&#039;는 7일 로저스 감독 체제에서 달라질 선발 라인업을 조명했다. 로저스 감독은 3-4-1-2 포메이션을 선호하는 편이다.\r\n\r\n골키퍼에 다비드 데 헤아가 나서고, 수비 라인에는 해리 매과이어, 빅토르 린델뢰프, 라파엘 바란이 지키게 된다. 이 매체는 &quot;로저스 감독은 3-4-1-2 포메이션을 자주 활용하고 있다. 이 세 명의 선수를 수비 라인에 내세울 수 있다. 모두 재능이 뛰어나다&quot;라고 전했다.\r\n\r\n미드필더에는 지오구 달롯, 프레드, 폴 포그바, 루크 쇼가 나선다. 이 매체는 &quot;로저스 감독은 윙백들과 경기하는 걸 좋아한다. 솔샤르 감독을 대체할 경우 달롯과 쇼가 측면으로 배치될 수 있다. 애런 완-비사카는 최근 몇 주 동안 어려움을 겪고 있다. 스리백 시스템에는 적합하지 않다&quot;라고 분석했다.\r\n\r\n공격진에는 브루노 페르난데스, 크리스티아누 호날두, 마커스 래시포드가 배치되었다. &#039;익스프레스&#039;는 &quot;솔샤르 감독을 대체할 감독이 누구든 페르난데스를 내리지 않을 것이다&quot;라며 &quot;호날두는 나이가 많지만 여전히 선발로 경기에 나서야 한다. 부상에서 돌아온 래시포드는 호날두의 파트너가 될 것이다&quot;라고 언급했다.', '2021-11-08 (14:55)'),
(92, 'admin', 'kyk0630', '베니테즈와 콘테가 만든 졸전…&#039;EPL에서 이례적인 경기&#039; 비난', '토트넘과 에버튼이 맞대결에서 무기력한 경기를 펼친 끝에 승부를 가리지 못했다.\r\n\r\n토트넘은 7일 오후(한국시간) 영국 리버풀 구디슨파크에서 열린 에버튼과의 2021-22시즌 프리미어리그 11라운드에서 득점 없이 0-0으로 비겼다. 양팀은 이날 경기에서 상대 수비 공략에 실패하며 무기력한 경기 끝에 무승부를 기록했다.\r\n\r\n토트넘은 에버튼과의 경기에서 후반 42분 로 셀소의 중거리 슈팅이 골포스트를 때렸지만 전후반 90분 동안 유효슈팅을 단 한차례도 기록하지 못하는 졸전을 펼쳤다. 토트넘의 콘테 감독은 에버튼을 상대로 프리미어리그 복귀전을 치렀지만 토트넘의 득점력 부재를 해소하지 못했다. 토트넘은 프리미어리그에서 3경기 연속 무득점과 함께 3경기 연속 무승의 부진을 이어갔다.\r\n\r\n토트넘은 에버튼을 상대로 케인이 최전방 공격수로 나섰고 손흥민과 모우라가 공격을 이끌었지만 상대 수비를 위협하지 못했다. 선발 출전한 손흥민은 후반 40분 은돔벨레와 교체되며 85분 동안 활약했지만 슈팅을 단 한차례도 기록하지 못했다.\r\n\r\n에버튼 역시 토트넘을 상대로 무기력한 모습을 보였다. 토트넘에게 점유율을 내준 에버튼은 2차례 유효슈팅을 기록했지만 골문을 열지 못했다. 베니테즈 감독이 이끄는 에버튼은 토트넘전 무승부와 함께 최근 5경기 연속 무승의 부진을 이어갔다.\r\n\r\n토트넘의 선수와 감독으로 활약했던 프리미어리그 해설가 팀 셔우드는 경기 후 &quot;토트넘은 득점 기회를 만들지 못했다. 양팀은 오픈플레이 상황에서 골을 넣지 못할 것으로 보였다. 프리미어리그에선 매우 이례적인 경기였다&quot;며 혹평했다. 또한 &quot;케인은 파이널서드에서 볼을 잡으면 무언가를 만들어 낼 수 있는 선수다. 하지만 파이널서드에서 아무것도 하지 못했다&quot;며 공격진의 연계플레이 부족을 지적했다.\r\n\r\n한편 토트넘은 5승1무5패(승점 16점)의 성적으로 리그 9위에 머문 가운데 A매치 기간 이후 오는 22일 리즈 유나이티드를 상대로 2021-22시즌 프리미어리그 12라운드 홈경기를 치른다.', '2021-11-08 (14:56)'),
(93, 'admin', 'kyk0630', '아스널 레전드, “SON 수비 부담 덜어주는 콘테 스리백 전술”', '안토니오 콘테의 잉글리시 프리미어리그(EPL) 복귀전은 무승부로 끝났지만, 희망적인 전망을 봤다.\r\n\r\n토트넘은 지난 7일 오후 11시(한국시간) 영국 구디슨 파크에서 열린 2021/2022시즌 잉글리시 프리미어리그(EPL) 11라운드에서 에버턴과 0-0으로 비기며, 연패를 끊는데 만족했다.\r\n\r\n이날 경기는 콘테 감독의 EPL 복귀전으로 관심을 모았다. 그러나 유효슈팅 하나도 기록하지 못한 채 승점 1점 획득에 그쳤다. 당연히 에이스인 해리 케인과 손흥민도 침묵했다.\r\n\r\n콘테 부임 이후 토트넘에 변화는 전술이다. 기존 포백에서 스리백으로 전환했고, 이는 콘테 감독의 주 전술이기도 하다. 스리백 전환은 손흥민의 활약에도 영향을 줄 가능성이 있었다.\r\n\r\n그러나 아스널 레전드 마틴 키언은 영국 매체 ‘데일리 메일’을 통해 “콘테 감독이 3-5-2를 계속 쓴다면 손흥민과 케인이 수비에 전념할 필요가 없어진다”라며 손흥민에게 긍정적인 요소임을 강조했다.\r\n\r\n토트넘 팬 페이지 ‘스퍼스 웹’도 “두 선수 모두 콘테 감독의 견고한 시스템에 배치됐다. 오히려 이득을 볼 것이다”라고 덧붙였다.', '2021-11-08 (14:56)'),
(94, 'admin', 'kyk0630', '토트넘 승리 공식이 사라졌다...손흥민-케인, 또 최저평점+혹평', '손흥민과 해리 케인이 이번에도 터지지 못했다.\r\n\r\n토트넘 훗스퍼는 7일 오후 11시(한국시간) 영국 리버풀에 위치한 구디슨 파크에서 열린 2021-22시즌 프리미어리그(EPL) 11라운드에서 에버턴과 0-0으로 비겼다. 이번 무승부로 승점 16점이 된 토트넘은 9위에 머물렀다.\r\n\r\n안토니오 콘테 감독의 데뷔전인 비테세와의 경기에서 토트넘이 공격적으로 개선된 모습이 나왔기에 이번 경기에 대한 팬들의 기대감은 높았다. 하지만 토트넘은 에버턴을 그렇게 위협하지 못했다. 전반 22분 에메르송 로얄의 헤더, 전반 45분 세르히오 레길론의 슈팅을 제외하면 에버턴에 끌려갔던 게 사실이다. 후반 막판 지오바니 로 셀소의 슈팅이 골대를 강타한 건 아쉬운 대목이었다.\r\n\r\n팬들의 걱정거리는 손흥민과 케인이 부진했다는 것이다. 에버턴은 토트넘 공격의 많은 비중을 차지하는 손흥민과 케인이 공을 잡으면 적극적으로 수비에 나서서 다른 동료들과의 패스 플레이를 하지 못하도록 만들었다.\r\n\r\n손흥민과 케인에게 좋은 패스가 오지 않았던 것도 있지만 두 선수의 경기력도 썩 좋지 못했다. 지난 시즌 동료들을 향해 적절하게 패스를 넣어주던 케인의 모습은 사라졌고, 손흥민은 단 하나의 슈팅도 시도하지 못한 채 경기를 마무리했다.\r\n\r\n영국 &#039;이브닝 스탠다드&#039;는 손흥민과 케인에게 최저 평점인 5점을 부여했다. 손흥민에 대해선 &quot;계속해서 뛰어다니고, 득점을 위해 고군분투했다. 그가 에버턴 수비 뒤로 침투했을 때 나온 슈팅은 벗어났다&quot;며 혹평했다. 케인한테도 &quot;투박한 경기력이었다. 좋은 위치에서도 여러 번의 잘못된 패스를 넣어줬다. 슈팅 시도는 2번 모두 막혔다. 콘테 감독의 부임도 케인의 경기력을 정상으로 만들지 못했다&quot;며 강하게 비판했다.\r\n\r\n지난 시즌 토트넘의 승리 공식인 손흥민-케인 조합은 이번 시즌은 거의 찾아보기 힘든 상황이다. 이번 시즌 두 선수의 합작골은 지난 뉴캐슬 유나이티드와의 리그 경기에서 나온 1골이 전부다. 손흥민과 케인이 터지지 않는다면 득점을 대신해줄 선수가 없기에 두 선수의 호흡이 빨리 살아나는 게 너무나도 중요하다.', '2021-11-08 (14:57)'),
(95, 'admin', 'kyk0630', '성난 리버풀 팬들 &quot;웨스트햄전 패배는 모두 알리송 탓&quot; 맹비난', '일부 리버풀팬들이 웨스트햄에 충격패를 당한 후 골키퍼 알리송 베커를 맹비난하고 있다.\r\n\r\n리버풀은 8일 오전 1시30분(한국시각) 영국 런던 스타디움에서 열린 2021-22시즌 잉글랜드 프리미어리그(EPL) 11라운드에서 웨스트햄 유나이티드에게 2-3으로 패했다. 리버풀의 이번 시즌 첫 패다. 이날 패배로 리버풀은 6승 4무 1패(승점 22점)를 기록, 4위로 내려앉았다. 반면 웨스트햄은 7승 2무 2패로 승점 23점을 기록, 3위로 올라섰다.\r\n\r\n경기 후 일부 리버풀 팬들은 알리송이 실점한 3골을 언급하며 &#039;최악의 경기력&#039;을 펼쳤다며 성토했다. 리버풀 팬들은 트위터를 통해 &quot;알리송은 경기 내내 마치 잠자고 있었던 것 같다&quot;, &quot;이번 패배는 모두 알리송 탓&quot;, &quot;알리송은 최악이었다&quot; 등의 표현을 했다. \r\n\r\n이날 알리송은 미카일 안토니오에게 강한 압박을 받았다. 특히 코너킥 상황에서 안토니오가 알리송을 맨마킹하는 등 계속 괴롭혔다. 리버풀은 이날 2골을 코너킥 상황에서 허용했다. 그 중 한골은 알리송의 자책골이었다.\r\n\r\nBBC는 이날 알리송에게 평점 3.90점을 줬다. 이는 두 팀 중 중간에 교체 투입된 티아고 알칸다라(리버풀)에 이어 최악의 평점이다.', '2021-11-08 (14:57)'),
(96, 'admin', 'kyk0630', '&quot;그렇게 축구하지 마&quot; 라니에리의 격분, &#039;상도의&#039; 잊은 아스널', '클라우디오 라니에리 왓포드 감독이 제대로 뿔났다.\r\n\r\n왓포드는 7일 영국 런던 에미레이츠스타디움에서 열린 아스널과의 2021~2022시즌 EPL 11라운드에서 0대1로 무릎을 꿇었다. 2연패의 늪에 빠진 왓포드는 승점 10점을 기록, 1부 리그 잔류 마지노선인 17위에 위치했다. 강등권과의 승점 차는 불과 2점이다.\r\n\r\n반면 EPL 8경기 연속 무패(6승2무)를 기록한 아스널은 승점 20점으로 5위로 올라섰다. 아스널의 미켈 아르테타 감독은 100번째 경기를 승리로 이끌며 활짝 웃었다.\r\n\r\n하지만 아스널의 득점 장면이 문제가 됐다. 왓포드는 후반 10분 오자 투판이 거친 태클로 쓰러지자 볼을 아웃시켰다. 하지만 아스널은 스로인 상황에서 소유권을 넘기지 않고 바로 플레이를 전개했다. 이어 왓포드의 이스마일라 사르마저 충돌해 고통을 호소했지만, 플레이는 계속됐고 에밀 스미스 로우의 결승골이 터졌다. 왓포드 주장 무사 시소코가 거칠게 항의했지만 판정은 번복되지 않았다.\r\n\r\n라니에리 감독은 경기 후 영국 BBC에 &quot;우리가 자발적으로 볼을 아웃시켰을 때 모든 사람들이 공을 돌려주길 기대했지만 아스널 선수들은 그런 존경심을 보여주지 않았다&quot;고 울분을 토로했다.\r\n\r\n반면 아르테타 감독은 &quot;라니에리 감독이 그렇게 생각했다면 사과해야 하지만, 우리는 어떤 이득도 취할 의도가 없다고 확신한다&quot;고 밝혔다.\r\n\r\n한편, 스미스 로우는 니콜라스 아넬카, 호세 안토니오 레예스, 세스크 파브레가스에 이어 아스널 21세 이하 선수로는 4번째로 EPL 3경기 연속골을 터트리는 주인공이 됐다.', '2021-11-08 (14:58)'),
(97, 'admin', 'kyk0630', '클롭 감독, 심판 판정에 뿔났다...웨스트햄전 &#039;두 장면&#039;에 문제 제기', '리버풀의 위르겐 클롭 감독이 웨스트햄 유나이티드전을 마친 뒤 심판 판정을 이해할 수 없다며 다소 격한 반응을 보였다.\r\n\r\n리버풀은 8일(한국시간) 영국 런던 스타디움에서 열린 2021-2022 잉글랜드 프리미어리그(EPL) 11라운드 원정 경기에서 웨스트햄 유나이티드에 2-3으로 패했다. 리버풀이 올 시즌 EPL에서 당한 첫 패배다. 승점 22점에 머문 리버풀은 리그 순위가 4위로 하락했다.\r\n\r\n시작부터 불안했다. 전반 4분 알리송 베케르의 자책골로 끌려간 리버풀은 전반 41분 트렌트 알렉산더-아놀드가 동점골을 터뜨려 균형을 맞췄지만, 후반전 두 골을 내리 허용했다. 후반 38분에는 디보크 오리기가 추가골을 기록했지만 승부를 뒤집기엔 역부족이었다.\r\n\r\n클롭 감독은 알리송의 자책골로 기록된 첫 실점 장면과 전반 8분 상대 수비수 애런 크레스웰이 조던 헨더슨에게 깊은 태클을 한 장면을 문제로 삼았다. 두 장면 모두 경기 도중 VAR을 진행했지만, 주심은 문제가 없다고 판단했다.\r\n\r\n클롭 감독은 경기 종료 후 영국 &#039;스카이스포츠&#039;를 통해 &quot;첫 실점 장면은 골키퍼를 향한 파울이었다. 안젤로 아그본나의 팔이 알리송의 팔을 향했는데, 누군가 팔을 잡아당길 때, 골키퍼가 어떻게 공을 막을 수 있겠는가? 팔은 골키퍼에게 중요한 신체 부위다. 알리송이 그 상황에서 무엇을 할 수 있는가? 골키퍼가 보호받아야 하는 이유&quot;라며 분통을 터뜨렸다.\r\n\r\n이어 클롭 감독은 크레스웰이 헨더슨에게 태클한 장면을 언급하면서 &quot;무모한 태클이었다. 공을 터치했더라도 그런 식으로 태클해서는 안 된다. 물론 크레스웰은 공을 터치했다고 말할 수도 있다. 하지만 동작을 제어했어야 했다&quot;며 비신사적인 행동이었다고 지적했다.\r\n\r\n&quot;변명거리를 찾는다고 말할 수도 있다. 하지만 나는 변명거리를 찾으려는 것이 아니다&quot;라고 힘주어 말한 클롭 감독은 &quot;경기에 지는 걸 좋아하진 않지만, 오늘 패배를 받아들인다. 하지만 경기에서 올바른 판정을 해야 하는 심판은 오늘 그러지 않았다&quot;라며 패배는 인정하되, 심판 판정은 받아들일 수 없다고 강조했다.', '2021-11-08 (14:58)'),
(98, 'admin', 'kyk0630', '&quot;맨시티전 패배, 리버풀 상대 대패보다 심각하다&quot;… 로이 킨, 맨유 맹비난', '맨체스터 유나이티드 주장 출신 로이 킨이 친정팀을 강력하게 비판했다.\r\n\r\n맨유는 지난 6일(이하 한국시각) 영국 맨체스터 올드 트래포드에서 열린 맨체스터 시티와의 잉글랜드 프리미어리그(EPL) 11라운드에서 0-2로 패했다. 이로써 맨유는 11경기 5승 2무 4패(승점 17점)를 기록하며 순위가 6위까지 하락했다.\r\n\r\n8일 영국 더선에 따르면 킨이 스카이 스포츠와의 인터뷰를 통해 맨시티전 패배가 최근 리버풀에 당한 0-5 대패보다 더 심각했다고 맹비난했다. 킨은 &quot;올레 군나르 솔샤르 맨유 감독이 내 앞을 지나고 있으면 왜 프레드를 뛰게 하는지 물어볼 것&quot;이라고 지적했다. 또 킨은 맨유 선수들에게서 경기를 이기고 싶은 의지나 열정이 전혀 보이지 않는다고 지적했다.\r\n\r\n특히 킨은 &quot;맨시티는 맨유를 가지고 놀았다&quot;며 &quot;마치 어른들과 아이들의 경기를 보는 것 같았다&quot;고 비난했다. 이어 &quot;스콧 맥토미니와 프레드는 맨유에서 뛰기엔 실력이 너무 부족하다&quot;며 &quot;2년 동안 솔샤르 감독을 응원하며 지지했지만 이젠 정말 책임을 질 때가 됐다&quot;고 강조했다.', '2021-11-08 (14:59)'),
(99, 'admin', 'kyk0630', '반 더 비크, 키에사, 더 리흐트까지...&#039;520조&#039; 뉴캐슬 예상 명단 미쳤다', '뉴캐슬 유나이티드와 수많은 선수들이 연결되고 있다.\r\n\r\n영국 &#039;트랜스퍼마크트&#039;는 8일(한국시간) 최근 나온 이적설을 바탕으로 뉴캐슬의 예상 라인업을 만들었다.\r\n\r\n최전방에는 티모 베르너(첼시)가 자리했다. 베르너는 RB라이프치히 시절 분데스리가를 폭격했고, 첼시로 이적했다. 첼시가 투자한 금액은 5300만 유로(약 725억 원)에 달했다. 베르너는 첼시에서 빠르게 적응하는 것처럼 보였으나 골 결정력 난조라는 극심한 부진에 빠졌다. 점차 첼시에서의 입지를 잃어가는 가운데, 최근 뉴캐슬과 연결되는 중이다.\r\n\r\n2선이 화려했다. 에당 아자르(레알 마드리드), 필리페 쿠티뉴(바르셀로나), 페데리코 키에사(유벤투스)와도 이적설이 존재한다. 아자르와 쿠티뉴는 충분히 영입 가능한 대상이다. 프리미어리그(EPL)에서 엄청난 성공을 거뒀던 두 선수는 각각 레알과 바르셀로나로 넘어가 역사상 최악의 영입으로 꼽히는 중이다.\r\n\r\n레알과 바르사 모두 두 선수를 처분하길 원하기 때문에 조건만 맞출 수 있다면 영입할 수 있다. 다만 키에사는 이야기가 다르다. 유벤투스 핵심 선수이기 때문에 막대한 이적료라고 해도 영입이 쉽지 않을 전망이다.\r\n\r\n중원에는 도니 반 더 비크(맨체스터 유나이티드), 마르첼로 브로조비치(인터밀란)이 선정됐다. 반 더 비크는 맨유로 이적해 거의 뛰지를 못하고 있다. 올레 군나르 솔샤르 감독이 계속해서 지휘봉을 잡게 될 경우에 이적할 것이라는 예상이 많다. 브로조비치는 인터밀란 핵심이다. 인터밀란은 재계약을 시도하고 있지만 브로조비치와 합의하지 못하고 있다. 뉴캐슬이 좋은 조건으로 유혹할 확률을 배제할 수 없다.\r\n\r\n수비진에는 필립 코스티치(프랑크푸르트), 클레망 랑글레(바르셀로나), 마타이스 더 리흐트(유벤투스), 니콜라스 쥘레(바이에른 뮌헨)까지 뽑혔다. 코스티치는 분데스리가에서 잔뼈가 굵은 선수로, 지난 시즌 14개의 도움을 기록할 정도로 실력이 뛰어난 선수다. 랑글레도 쿠티뉴와 마찬가지로 방출 후보로 거론되는 인물이다.\r\n\r\n더 리흐트는 유벤투스 핵심이지만 에이전트가 악명 높은 미노 라이올라다. 이적한다고 해도 빅클럽일 가능성이 높다. 쥘레는 뮌헨과의 재계약이 지연되고 있다. 프리미어리그(EPL) 이적을 원한다는 보도가 계속되고 있다. 골키퍼 포지션에는 잔루이지 돈나룸마에게 점점 밀리고 있는 케일러 나바스(파리생제르맹)와 연결됐다.\r\n\r\n비현실적인 이적생도 있는 게 사실이지만 뉴캐슬 구단주의 추정 자산은 무려 3200억 파운드(약 521조 원)에 달할 정도로 돈이 많다. 돈으로 경쟁을 한다면 뉴캐슬을 꺾을 팀은 전 세계에 없다고 봐도 무방하다.', '2021-11-08 (14:59)'),
(100, 'kyk0630', 'admin', '3기신도시 2차 사전청약도 흥행…1만호 모집에 10만명 몰려', '사전청약 1만102호 공급에 10만명 신청\r\n국토교통부는 2021년 2차 공공분양 사전청약 접수결과 약 10만명이 신청했다고 밝혔다.\r\n\r\n이번에는 남양주왕숙2, 인천검단, 성남신촌·복정2 등지에서 총 1만102호 사전청약 접수를 받았다.\r\n\r\n사전청약 접수결과 공공분양주택 15대1(특별 8.3대1, 일반 42.2대1), 신혼희망타운은 2.9대1의 경쟁률을 기록했다.\r\n\r\n3기 신도시인 남양주왕숙2의 경우 1,412호공공분양 공급에 4만8천명이 신청해 34.2대1의 경쟁률을 보였다.\r\n\r\n그 중에서도 A3블록 전용84㎡은 1만5천여 명이 신청해 81.2대1의 경쟁률로 마감됐다.\r\n\r\n성남신촌 지구는 304호 공공분양 공급에 약 7천3백명이 신청했고, 2기 신도시인 인천검단·파주운정3도 각각 1만1천명, 2만1천명이 신청했다.\r\n\r\n신혼희망타운 소규모(당해 100%공급) 입지 중에서는 성남낙생 전용 59㎡ 테라스형이 경쟁률 13.9대1 가장 큰 인기를 보였다.\r\n\r\n수도권 거주자까지 공급하는 수원당수는 전체 5.4대1을 보였다.\r\n\r\n사전청약 신청자 중에서는 공공분양주택의 경우 연령으로는 30대가 가장 많았고(44.8%), 40대(27.8%), 50대(13.6%)가 뒤를 이었다.\r\n\r\n신혼희망타운의 경우 30대 72.9%, 20대 14.8%로 대부분을 차지했다.\r\n\r\n지역별로는 신청자 중 서울이 35.0%, 경기·인천이 64.8%를 차지했다.\r\n\r\n신청자에 대해서는 청약통장 적정여부 확인 등을 거쳐 당첨자를 이달 25일에 우선 발표하고, 소득·무주택 등 기준에 부합하는지를 추가로 심사해 확정할 예정이다.\r\n\r\n아울러, 다음 3차 사전청약은 18일 청약공고를 시작으로 접수신청 등이 진행될 예정이다.\r\n\r\n하남교산(1,056호)·과천주암(1,535호)·시흥하중(751호)·양주회천(825호) 등 4천 여호가 포함된다.\r\n\r\n특히, 이번 사전청약에 당첨되지 않더라도 11월 사전청약 신청이 가능하도록 당첨결과 발표 이후 다음 3차 사전청약 접수를 시작할 예정이다.', '2021-11-08 (14:44)'),
(101, 'kyk0630', 'admin', '홍남기 &quot;전국민 재난지원금, 여건상 올해는 여러가지로 어려워&quot;', '&quot;초과세수 31조5천억 이미 지출로 사용…더 들어오는 것 10조 조금 넘을것&quot;\r\n\r\n\r\n(서울=연합뉴스) 김연정 기자 = 홍남기 부총리 겸 기획재정부 장관은 8일 더불어민주당 이재명 대선후보의 전국민 재난지원금 추가 지급론에 대해 &quot;여건상 올해는 추가경정예산이 있을 수도 없을 것 같고 여러가지로 어려울 것 같다&quot;고 말했다.\r\n\r\n홍 부총리는 국회 예산결산특별위원회 종합정책질의에서 국민의힘 류성걸 의원이 &#039;이 후보가 최하 추가로 30만~50만원을 지급해야 한다고 하는데 올해 지급을 할 수 있나&#039;라고 묻자 이렇게 답했다.\r\n\r\n홍 부총리는 류 의원이 &quot;재난지원금을 추가 지급하려면 금년에 추경을 하지 않으면 올해 절대로 지급할 수가 없다&quot;고 재차 질문하자 &quot;네. 뭐 규모상…&quot;이라고 수긍했다.\r\n\r\n이어 류 의원이 김부겸 국무총리에게도 &quot;절차상으로 전국민 추가 재난지원금 지급이 절대로 안 되는데 어떻게 생각하나&quot;라고 질의했고, 김 총리도 &quot;그러니까 절차상은…&quot;이라고 인정했다.\r\n\r\n홍 부총리는 이 후보가 재난지원금 재원으로 거론하는 &#039;초과세수&#039; 규모가 어느 정도인지 묻자 10조원 이상이라고 밝혔다.\r\n\r\n전날 이 후보는 페이스북 글에서 &quot;나라 곳간이 꽉꽉 채워지고 있다&quot;며 전국민 재난지원금 지급 필요성을 재차 강조하면서 &quot;올해 초과 세수가 약 40조원 가량 될 것이라 한다&quot;고 주장한 바 있다.\r\n\r\n이와 관련, 홍 부총리는 &quot;7월에 저희가 2차 추경을 하면서 (초과세수로 들어온) 31조5천억원은 이미 세입경정을 해서 지출로 사용했고, 그 이후에 조금 더 들어올 수 있을 것 같다&quot;며 &quot;(규모는) 조 단위가 될 것&quot;이라고 말했다.\r\n\r\n그러자 류 의원이 &#039;10조원쯤 되나&#039;라고 추가로 물었고 &quot;그거보다는 조금 넘을 것 같다&quot;고 답했다.\r\n\r\n류 의원이 &quot;이 후보가 말한 1인당 30만~50만원을 하면 15조~25조원이 되는데 초과세수가 10조원이라고 하면 그중 지방교부세, 국채 상환을 제외하면 3조원밖에 안 남는다&quot;며 &quot;정부여당이 만약 올해 추경을 한다해도 15조~25조원이 필요한데 3조원 밖에 안 남으니 12조~22조원을 국채 발행을 해야 한다. 말이 되나&quot;라고 따져물었다.\r\n\r\n이에 대해 김 총리는 &quot;뭐 그런 방식으로는 좀 무리가 있을 것 같다&quot;고 답변했다.', '2021-11-08 (14:46)');
INSERT INTO `message` (`num`, `send_id`, `rv_id`, `subject`, `content`, `regist_day`) VALUES
(102, 'kyk0630', 'admin', '세계 코로나 확진자 2억5천만 육박…인구 3.2% 감염', '세계 신종코로나바이러스 감염증(코로나19) 누적 감염자 수가 전 인류의 3.2%에 해당하는 2억5천만 명에 근접했다.\r\n\r\n중국 우한(武漢)에서 발생한 원인불명의 폐렴으로 재작년 말 세계보건기구(WHO)에 코로나19의 존재가 알려진 지 약 22개월 만이다.\r\n\r\n각국은 백신 접종 확대에 힘입어 &#039;위드 코로나&#039;(단계적 일상회복)에 시동을 걸고 있지만, 동유럽 등 일부 지역에선 겨울철을 앞두고 신규 확진자 수가 급격히 늘면서 잇따라 비상등이 켜지고 있다.\r\n\r\n누적 확진자 2억4천974만 명…사망자는 529만 명\r\n7일(현지시간) 영국 로이터 통신이 제공하는 세계 240개국의 코로나19 실시간 현황 자료에 따르면 이날 현재 세계 코로나19 누적 확진자는 2억4천974만5천 명이고, 누적 사망자 수는 529만9천 명으로 집계됐다.\r\n\r\n전 세계 인구(약 79억 명)의 3.16%가 코로나19에 걸렸다는 이야기다.\r\n\r\n확진자 증가세는 델타 변이 등장 초기보다 완만해졌지만, 여전히 높은 수준이다.\r\n\r\n로이터는 &quot;분석 결과 지난 3개월 동안 일평균 신규 확진자 수가 36% 감소했다&quot;면서 &quot;그런데도 90일마다 5천만 명이 추가로 감염되고 있다. 발생 초기에는 5천만 명이 감염되는 데 1년이 걸렸다&quot;고 밝혔다.\r\n\r\n그러나, 보건 전문가들은 많은 국가가 백신 접종 등에 힘입어 최악의 시점을 넘겼다며 낙관적인 전망을 내놓았다.\r\n\r\nWHO의 전염병학자인 마리아 밴커코브는 &quot;우리는 현재부터 2022년 말까지를 바이러스에 대한 통제력을 갖고 중병률과 사망자 수를 크게 줄일 수 있는 지점으로 본다&quot;고 말했다.\r\n\r\n영국이 지난 4일 미국 제약사 머크앤드컴퍼니(MSD)가 개발한 코로나19 경구용 항바이러스 치료제 &#039;몰누피라비르&#039;의 사용을 승인하는 등 인류가 코로나19에 맞설 무기도 차례로 등장하고 있다.\r\n\r\n다만, 전문가들은 날씨가 추워져 실내 활동이 증가하고 연말연시 모임이 늘어나면 확진자 증가세가 다시 가팔라질 수 있다는 점을 변수로 지목했다.\r\n\r\n유럽선 재확산 확연…&quot;나흘에 100만 명씩 감염&quot;\r\n보건 전문가들의 장밋빛 전망과는 별개로, 동유럽 등 일부 지역에선 코로나19 신규 확진자 수가 무섭게 치솟고 있다.\r\n\r\n로이터 자료에 따르면 세계 240개국 가운데 51개국에서 코로나19 확진자 수가 늘고 있다.\r\n\r\n이중 유럽 전역에서는 나흘에 100만 명씩 새롭게 감염되는 것으로, 세계 신규 확진자의 절반이 넘는 규모다.\r\n\r\n특히 러시아와 우크라이나 등에서 신규 확진자가 역대 최대 수준을 보이는 등 백신 접종률이 낮은 동유럽 국가를 중심으로 코로나19 재확산세가 확연하다.\r\n\r\n러시아는 유급 휴무령 등으로 주민 이동을 통제하고 있지만, 뚜렷한 효과를 내지 못하는 모양새다. 주된 원인으로는 30%대에 그치는 저조한 백신 접종률이 꼽힌다.\r\n\r\n저소득·빈곤국들도 여전히 심각한 위험에 노출돼 있다.\r\n\r\n코로나19 관련 국제 통계 사이트인 &#039;아워월드인데이터&#039;에 따르면 저소득 국가의 백신 접종률은 현재 5% 내외에 불과하다.\r\n\r\n이에 WHO와 주요 구호기구들은 지난달 중·저소득 국가의 백신 접종과 진단, 치료제 확보 등을 돕기 위해 향후 12개월간 234억 달러(약 27조6천억 원)가 필요하다며 선진국에 도움을 촉구했다.\r\n\r\nWHO 산하 범미보건기구(PAHO)의 자르바스 바르보자 부국장은 &quot;백신 불평등이 (백신) 보급 목표 달성에 가장 큰 장애가 되고 있다&quot;고 말했다.', '2021-11-08 (14:47)'),
(103, 'kyk0630', 'admin', '[속보] 당국 &quot;먹는 코로나19 치료제 내년 2월부터 단계적 국내 도입&quot;', '[속보] 당국 &quot;먹는 코로나19 치료제 내년 2월부터 단계적 국내 도입&quot;', '2021-11-08 (14:47)'),
(104, 'kyk0630', 'admin', '카드사 노조 &quot;카드 수수료 인하 반대&quot; 총파업 예고', '카드사 노동조합이 카드 수수료 추가 인하를 반대하며 총파업을 예고하고 나섰다.\r\n\r\n카드사노동조합협의회(이하 협의회)는 8일 서울 정동 사무금융노조 회의실에서 가진 기자회견에서 &quot;카드 가맹점 수수료 인하 추진을 즉시 중단하고 &#039;적격비용 재산정 제도&#039;를 폐지하라&quot;며 &quot;금융당국과 정치권이 유의미한 대답을 내놓지 않으면 총파업도 불사하겠다&quot;고 밝혔다.\r\n\r\n적격비용 재산정은 3년마다 카드 가맹점수수료 원가를 재평가해 가맹점수수료에 반영하는 제도다. 2018년 이 제도에 따라 가맹점수수료 인하 결정이 내려졌고, 2019년 초부터 새 수수료가 적용됐다. 현재 금융위원회는 가맹점수수료 인하 발표를 검토 중인 것으로 알려졌다.\r\n\r\n협의회는 &quot;금융위와 정치권의 일방적인 가맹점 수수료 인하 정책으로 카드산업과 노동자들은 생존권을 위협받았다&quot;며 &quot;카드산업은 본업인 신용판매에서 매출이 발생할 때마다 적자가 눈덩이처럼 불어나는 기형적 구조로 변질됐다&quot;고 지적했다.\r\n\r\n협의회는 금융위가 카드 가맹점 수수료를 재차 인하할 경우 대표자 회의를 통해 총파업 여부와 그 수위를 결정하겠다는 방침이다. 협의회는 최악의 경우 전산을 중단시켜 카드 결제를 막는 방안까지 고려하고 있는 것으로 전해졌다.\r\n\r\n정종우 협의회 의장은 &quot;7개 카드사지부에서 대의원 대회와 운영위원회를 통해 총파업 관련 일정과 권한을 집행부에 위임했다&quot;며 &quot;노동자로 할 수 있는 마지막 수단인 총파업을 위임받은 만큼 더욱 책임지고 투쟁하고자 한다&quot;고 강조했다.\r\n\r\n한편, 롯데카드노동조합과 신한카드노동조합, 우리카드노동조합, 하나외환카드노동조합, 현대카드노동조합, BC카드노동조합, KB국민카드노동조합 등으로 구성된 협의회는 오는 15일 금융위가 있는 서울 정부서울청사 앞에서 총파업 결의대회를 개최할 계획이다.', '2021-11-08 (14:48)'),
(105, 'kyk0630', 'admin', '전국민 재난지원금 추가 지급...반대 60.1% vs 찬성 32.8%', '국민 10명 중 6명이 더불어민주당 이재명 대선 후보가 제안한 전 국민 재난지원금 추가 지급에 반대하는 것으로 나타났다.\r\n\r\n한국사회여론연구소(KSOI)가 TBS 의뢰로 지난 5일~7일 전국 만 18세 이상 1,900명을 상대로 조사한 결과 60.1%는 &quot;재정에 부담을 주기 때문에 지급하지 말아야 한다&quot;고 말했다.\r\n\r\n이어 &quot;내수 진작을 위해 지급이 필요하다&quot;는 답변은 32.8%로 집계됐다.\r\n\r\n연령별로 보면 20대는 68%, 30대는 60.9%가 재난지원금 추가 지급에 반대했다. 60세 이상도 63.5%가 반대 입장을 밝혔다.\r\n\r\n지역별로는 대구·경북에서 70.5%, 서울 65.3%, 강원·제주 62.1% 순으로 반대 의사를 밝혔다.\r\n\r\n반면 지지 정당으로 분류해 보면 더불어민주당 지지자의 경우 지급 반대가 26.6%, 지급 찬성이 67.5%로 나타났다.\r\n\r\n이번 조사의 표본오차는 95% 신뢰수준에 ±3.1%포인트다. 자세한 내용은 중앙선거여론조사심의위원회와 KSOI 홈페이지를 참고하면 된다.\r\n', '2021-11-08 (14:49)'),
(106, 'kyk0630', 'admin', '금융연구원 “올해 한국 경제성장률 4.1%...내년 3.2% 전망”', '내년 소비자물가 상승률은 2.0% 예상\r\n\r\n한국금융연구원이 올해 경제성장률을 4.1%, 내년은 3.2%로 전망했다. 소비자물가 상승률은 올해와 내년에 각각 2.3%와 2.0%를 기록할 것으로 내다봤다.\r\n\r\n금융연구원은 이날 서울 중구 은행회관에서 ‘2021년 금융동향과 2022년 전망’ 세미나를 열었다.\r\n\r\n발표 내용에 따르면 내년에는 한국과 신흥국의 백신 접종 확대로 견조한 수요 회복이 기대된다. 글로벌 인플레 장기화 가능성, 우리나라와 주요국의 완화정책 축소, 높아진 자산가격과 급증한 부채 규모에 따른 금융불균형 등이 회복세를 제약할 전망이다.\r\n\r\n민간소비 증가율은 올해 3.4%에서 내년 3.5%로 증가할 것으로 내다봤다. 또 설비투자는 8.3%→3.0%, 건설투자는 0.4%→3.6%, 총수출은 8.6%→3.0%, 총수입은 7.6%→4.2%를 각각 기록할 것으로 예측했다.\r\n\r\n박성욱 금융연구원 거시경제연구실장은 “최근 70%를 넘어선 백신 접종 완료율, 개선세가 뚜렷한 소비자 심리지수, 위드코로나로의 정책전환 등에 따라 민간소비 회복세는 내년까지 이어질 것으로 전망된다”며 “세계경제가 코로나19 충격으로부터 회복되면서 IT 품목을 중심으로 재화 교역이 확대되어 왔는데 내년에는 서비스 교역의 점진적인 회복도 우리나라 교역 규모 증가에 기여할 전망”이라고 했다.\r\n\r\n취업자 수는 내년 고용률이 60.7%로 올해(60.4%)보다 소폭 상승하면서 26만 명 증가할 것으로 전망됐다. 올해 빠르게 반등한 고용률 수준이 앞으로도 유지되면서 내년 연평균 고용률이 올해보다 높아질 것으로 내다봤다.\r\n\r\n박 실장은 “올해 9월 25~29세 고용률이 69.4%로 전년동월의 67.0%보다 높아졌지만 2019년 9월의 71.3% 보다는 상당폭 낮은 수준”이라며 “경력단절 후 경제활동을 재개해야 할 연령대의 여성들이 코로나19 충격으로 상당기간 노동시장에 복귀하지 못할 가능성이 있다”고 말했다.\r\n\r\n연간 소비자물가 상승률은 올해 2.3%로 높아진 후 내년에는 물가안정목표 수준인 2.0%를 기록할 것으로 전망됐다.\r\n\r\n박 실장은 “내년 상반기 중 공급측 요인의 영향이 지속되는 가운데 경기 회복에 따른 수요측 요인이 더해지면서 2%를 상회하는 높은 상승률을 이어갈 것으로 예상된다”며 “내년 하반기에는 공급병목현상의 완화, 기저효과 등에 힘입어 물가상승률이 점차 낮아져 1%대 중반 수준을 나타낼 전망”이라고 말했다.\r\n\r\n국고채 3년물의 연평균 금리는 올해 1.4%, 내년 1.8%로 전망했다. 경상수지는 2021년 925억 달러로 확대된 후, 2022년에는 823억 달러 수준으로 감소할 것으로 전망됐다. 내년 원·달러 평균 환율은 한국은행의 점진적 기준금리 인상, 수출 호조 지속 등으로 올해(1145원)보다 다소 낮은 1135원 수준을 예상했다.\r\n\r\n박 실장은 “글로벌 물류망의 원활한 작동 지연, 팬데믹 기간 중 노동력 이탈 및 공급망 훼손 등으로 인한 생산차질, 공급병목현상 지속 등으로 최근 확산된 글로벌 인플레이션이 장기화할 가능성을 배제할 수 없는 상황”이라며 “높은 물가상승세와 더불어 우리나라와 주요국의 통화정책 완화 정도 축소, 높아진 자산가격과 부채규모로 인한 시장불안 가능성 등은 성장의 하방 위험으로 작용할 전망”이라고 했다.', '2021-11-08 (14:50)'),
(107, 'kyk0630', 'admin', '정부, 요소수 수입에 민항 화물기 투입 준비…항공사와 사전협의', '중국발(發) 요소수 품귀 사태를 해결하기 위해 정부가 민항 화물기를 활용한 요소수·요소 수입까지 준비 중인 것으로 확인됐다.\r\n\r\n이번 주 호주에서 요소수 2만ℓ를 군용기로 긴급 수송해 오지만 향후 수입 물량이 확대되면 군용기 수송만으로는 한계가 있는 만큼 민항기 투입 방안도 열어놓고 있는 것으로 보인다.\r\n\r\n8일 정부에 따르면 국토교통부는 대한항공과 아시아나항공을 상대로 화물기 일정과 전세기 운항 가능 여부와 함께 운용 가능한 화물기 현황을 파악 중이다.\r\n\r\n요소수를 수입해 올 국가가 정해지지 않았지만, 수입 확정 시 즉시 화물기를 투입할 수 있도록 정부가 항공사와 사전 협의를 시작한 것으로 분석된다.\r\n\r\n요소수나 원료인 요소를 수입할 수 있는 국가로는 베트남, 인도네시아 등 동남아와 러시아, 미국 등이 거론되고 있다.\r\n\r\n대한항공은 이미 해당 국가에 대한 화물 노선을 운항하고 있기 때문에 수입이 결정되면 신속히 수송에 나설 수 있을 것으로 전망된다. 민항 화물기는 군용기보다 용량이 크고, 상대국의 영공 통과 허가도 받을 필요가 없다.\r\n\r\n대한항공이 보유한 화물기 B747과 B777F는 각각 최대 화물 용량이 100t, 86t으로 47t의 화물을 실을 수 있는 공군의 다목적 공중급유 수송기보다 크다.\r\n\r\n여객기 하부 화물칸에 요소수를 실을 수도 있지만, 무게 등을 고려하면 요소수 운송에는 화물 전세기가 투입될 가능성이 크다.\r\n\r\n다만 대한항공과 아시아나항공의 화물기 운용에 여유가 없다는 점이 변수로 남아있다.\r\n\r\n두 항공사는 화물 성수기를 맞아 현재 화물기를 100% 가동하고 있으며, 심지어 여객기까지 화물기로 개조해 화물 노선에 투입하고 있다. 정부의 운송 요청이 오면 기존 일정을 조정해야 하는 상황인 것으로 전해졌다.\r\n\r\n높은 항공 화물 운임도 요소수 항공 수입을 어렵게 하는 한 요인으로 꼽힌다. 항공 화물 운임지수인 TAC 지수의 지난달 홍콩∼북미 노선 운임은 1㎏당 9.94달러로 역대 최고치를 기록했다.\r\n\r\n항공 화물은 보통 반도체 등 무게당 단가가 높은 고부가가치 제품들이다. 요소수를 항공기로 수송한다면 추가 운임이 부과되고, 이는 국내 요소수값 상승으로 이어질 수 있다.\r\n\r\n국토부 관계자는 &quot;화물기를 투입해야 할 상황이 왔을 때를 대비해 미리 항공사에 협조를 요청한 것&quot;이라며 &quot;실제 수입처가 결정되면 운임과 일정 등을 협상할 것&quot;이라고 말했다.', '2021-11-08 (14:51)'),
(108, 'kyk0630', 'admin', 'IMF &quot;한국 GDP 대비 국가채무 증가 속도 35개 선진국 중 1위&quot;', '한국의 향후 5년간 경제 규모 대비 국가채무 증가 속도가 선진국 반열에 오른 35개국 중 가장 빠를 것으로 관측됐다.\r\n\r\n저출산·고령화 등 국가채무가 늘어날 수밖에 없는 구조인데도 코로나19 사태 이후 재정 긴축에는 속도를 내지 못하면서 나타나는 현상이다.\r\n\r\n국제통화기금(IMF)이 최근 작성한 &#039;재정점검보고서(Fiscal Monitor)&#039;를 8일 보면 5년 뒤인 2026년 한국의 일반정부 국가채무는 GDP 대비 66.7%를 기록할 것으로 예상됐다.\r\n\r\n올해 말 기준 GDP 대비 일반정부 채무비율인 51.3%보다 15.4%포인트 오른 수치다.\r\n\r\nGDP 대비 일반정부 채무비율은 한 나라의 국가채무를 경제규모와 비교해보는 개념이다. 통상 각국 정부의 중기 전망치를 IMF가 취합해 동일한 기준으로 비교한다. 경제 규모와 대비해 높은 국가채무 비율은 해당 국가의 신인도 하락으로 귀결된다.\r\n\r\n향후 5년간 한국의 GDP 대비 일반정부 채무비율 상승폭(15.4%포인트)은 IMF가 선진국으로 분류한 35개국 중 가장 크다.\r\n\r\n같은 기간 35개 선진국의 GDP 대비 채무비율은 121.6%에서 118.6%로 3.0%포인트 내려갈 것으로 관측됐다.\r\n\r\n미국과 영국, 프랑스, 독일, 일본, 캐나다, 이탈리아 등으로 구성된 주요 7개국(G7)의 GDP 대비 채무비율은 139.0%에서 135.8%로 3.2%포인트 하락한다.\r\n\r\nGDP 대비 채무비율 상승 폭 2위인 체코가 8.7%포인트, 3위인 벨기에가 6.3%포인트, 4위인 싱가포르가 6.0%포인트, 5위인 홍콩이 3.8%포인트임을 고려하면 10%포인트대로 오르는 나라는 한국이 유일하다.\r\n한국과 전반적인 선진국들의 GDP 대비 채무비율은 올해와 내년을 기해 방향성이 엇갈린다.\r\n\r\nIMF의 35개 선진국의 GDP 대비 채무비율은 지난해 122.7%에서 올해 121.6%로 1.1%포인트 낮아진다. 2022년에는 119.3%로 올해보다 2.3%포인트 떨어진다. 선진국들은 코로나19 상황에서 비대해진 재정의 역할을 올해부터 줄이기 시작, 내년엔 속도가 배 이상으로 올라간다.\r\n\r\n일례로 캐나다는 지난해 117.5%까지 끌어올렸던 GDP 대비 채무비율을 올해 109.9%로 7.6%포인트 끌어내린다. 내년엔 103.9%로 낮춘다. 새로운 위기를 준비하고자 이번 경제 회복에 맞춰 그동안 비대해진 재정의 역할을 서둘러 축소하면서 나타나는 현상이다.\r\n\r\n이에 반해 한국은 지난해 47.9%였던 GDP 대비 채무 비율이 올해는 51.3%로 3.4%포인트, 내년엔 55.1%로 3.8%포인트 오른다.\r\n한국은 올해 들어서만 1차 추가경정예산으로 14조9천억원을, 2차 추경으로 35조원을 편성했다.\r\n\r\n당초 예상보다 더 들어온 국세 수입 31조5천억원은 2차 추경 당시 국민지원금 등으로 썼고, 이후 더 들어올 것으로 예상되는 10조원 이상의 세수 역시 소상공인에 대한 직간접 지원과 유류세 인하 등 소비에 방점을 두고 있다.\r\n\r\n내년 예산안 총지출 증가율도 8.3%로, 올해 8.9%에서 0.6%포인트 떨어지는 데 그친다.\r\n\r\n전문가들은 한국의 경우 중장기적인 관점에서도 국가채무가 늘 수밖에 없는 구조라는 점을 우려하고 있다. 저출산·고령화 여파로 앞으로 세금을 낼 사람은 줄어드는 반면 세금의 수혜를 입어야 할 계층은 늘기 때문이다.\r\n\r\n정부는 지난해 장기재정전망에서 2060년에 GDP 대비 국가채무 비율이 64∼81%까지 올라갈 것으로 예상한 바 있다.\r\n\r\n다만 한국의 올해 기준 GDP 대비 채무 비율(51.3%)은 35개국 중 25위로 중하위권 수준이다. 국가채무 비율은 급속한 증가세이지만 현재 수준으로 보면 다른 나라에 비해 상대적으로 낮은 수준이어서 당장의 재무 건전성은 무난하다는 평가가 지배적이다. 현재의 채무 수준이라기보다 채무가 늘어나는 속도에 대한 문제인 셈이다.\r\n\r\n한성대 경제학과 김상봉 교수는 &quot;공공기관 부채까지 아우르는 공공부채(D3) 개념으로 한국의 국가부채를 국제적으로 비교하고, 앞으로 고령화 등 변수까지 고려하면, 한국의 재정건전성은 우수한 수준으로 절대 볼 수 없다&quot;면서 &quot;국가재난 사태도, 경제가 매우 안 좋은 상태도, 실업이 많이 발생하는 상황도 아닌 가운데 재난지원금을 줄 이유도 없다&quot;고 말했다.', '2021-11-08 (14:52)'),
(109, 'kyk0630', 'admin', '틱톡서 배운 &#039;살려줘요&#039; 손짓…차에 갇힌 소녀 극적 구조', '소셜미디어에서 유행하는 구조요청 손짓이 미국에서 납치 위기에 있던 소녀를 구했다.\r\n\r\n7일(현지시간) CNN 방송에 따르면 납치 상황을 극적으로 모면한 주인공은 미국 노스캐롤라이나주 애슈빌에 사는 16세 소녀다.\r\n\r\n소녀는 지난 4일 켄터키주에서 한 남성이 운전하는 자동차를 타고 이동하면서 손바닥을 폈다 오므리는 손짓을 내보였다.\r\n\r\n근처를 지나던 다른 자동차의 운전자는 이를 목격하자 전화기를 꺼내 911에 범죄 가능성을 신고했다.\r\n\r\n가정폭력 피해를 외부에 몰래 알려 구조를 요청할 때 취하는 수신호와 유사하다는 걸 눈치 챘기 때문이었다.\r\n\r\n엄지를 감싸며 나머지 손가락을 접는 행동이었다.\r\n\r\n성평등 옹호단체인 캐나다여성재단은 코로나19 봉쇄령 기간에 가정폭력에 노출되는 이들을 위해 이 손짓을 홍보해왔다.\r\n\r\n신고한 운전자는 소녀가 탄 자동차를 11㎞ 정도 따라가며 전화로 위치와 상황을 중계했다.\r\n\r\n소녀를 태운 자동차는 결국 출동한 경찰에 붙잡혔다.\r\n\r\n이틀 전 부모가 소녀의 실종을 신고했다는 사실, 소녀가 운전자에게 억류돼 있었다는 정황이 드러났다.\r\n\r\n납치 용의자는 소녀를 자신의 친척들이 있는 오하이오주로 데려간 것으로 전해졌다.\r\n\r\n그러나 소녀가 실종 신고된 미성년자라는 점을 친척들이 알게 되자 용의자는 소녀를 데리고 켄터키주까지 건너갔다.\r\n\r\n켄터키주 로럴 카운티 경찰은 &quot;주와 주를 오가는 고속도로를 달리면서 소녀가 누가 알아채기를 바라며 얼마나 오랫동안 그 신호를 보냈는지는 모르겠다&quot;고 말했다.\r\n\r\n소녀는 구조 손짓을 짧은 동영상이 게시되는 소셜미디어 틱톡에서 배웠다고 밝혔다.\r\n\r\n틱톡에는 납치됐다가 몰래 손짓으로 신호를 보내 극적으로 구조되는 상황극들이 다수 게시돼있다.\r\n\r\n경찰은 불법 감금 등의 혐의로 소녀와 동행한 남성을 체포했다. 이 남성은 미성년자 성 착취물 소지 혐의도 받고 있다.', '2021-11-08 (14:53)'),
(110, 'admin', 'kyk0630', '[오피셜] &#039;1370억 쓰고 16위&#039; 아스톤 빌라 감독, 결국 경질...후임 미정', '딘 스미스 감독이 아스톤 빌라와 작별했다.\r\n\r\n아스톤 빌라는 7일(한국시간) 구단 홈페이지를 통해 &quot;올 시즌 우리가 바라는 성적을 스미스 감독은 내지 못했다. 지금이 변화의 시기라고 판단해 경질 결정을 내렸다. 그동안 훌륭한 업적을 쌓아온 스미스 감독에게 감사를 표한다. 후임은 선임 작업에 있다&quot;고 공식발표했다.\r\n\r\n스미스 감독은 선수 시절 아스톤 빌라에 몸을 담지 않았지만 집안 대대로 아스톤 빌라 열렬 팬으로 유명했다. 은퇴 후 레이튼 오리엔트에서 코치 생활을 하며 지도자의 길에 들어섰고 월솔FC, 브렌트포드를 지휘하다 2018년 10월 경질된 스티브 브루스 감독 후임으로 중도부임하며 아스톤 빌라 사령탑이 됐다.\r\n\r\n스미스 감독은 곧바로 아스톤 빌라를 승격시켰다. 최종 5위에 올랐지만 플레이오프 준결승에서 웨스트 브로미치 알비온을 격파한 뒤 플레이오프 결승에 올라 더비 카운티까지 꺾었다. 3년 만에 잉글리시 프리미어리그(EPL)로 팀을 올려놓자 아스톤 빌라 팬들은 스미스 감독을 추켜세웠다.\r\n\r\nEPL 첫 시즌은 어려웠다. 잭 그릴리쉬라는 확실한 에이스가 있었으나 계속해서 침체기를 겪으며 강등권을 맴돌았다. 시즌 막판 극적으로 승점을 따내는 경기를 많이 만들어내며 17위에 위치해 간신히 강등에서 벗어났다. 지난 시즌엔 적절히 팀을 잘 운영하며 11위라는 훌륭한 성적을 냈다.\r\n\r\n능력이 있고 성과를 냈으며 팀에 대한 애정이 깊은 스미스 감독과 아스톤 빌라 동행은 이어질 것으로 보였다. 이번 여름 그릴리쉬를 맨체스터 시티로 팔았지만 9,982만 유로(약 1,366억 원)를 들여 에밀리아노 부엔디아, 레온 베일리, 대니 잉스 등을 차례로 영입해 스쿼드를 강화했기에 기대감은 컸다.\r\n\r\n하지만 기대는 곧 실망으로 돌아왔다. 11경기를 치른 현재, 아스톤 빌라는 승점 10점(3승 1무 7패)에 머무는 중이다. 장점이던 공격력은 살아나지 않고 있고 수비는 팀 최다 실점 3위에 오를 정도로 심각한 상황이다. 막대한 투자에도 성적은 나오지 않고 경기 내용도 지지부진하자 결국 아스톤 빌라 보드진은 칼을 빼들었다. 3년여 만에 스미스 감독은 아스톤 빌라를 떠나게 됐다.\r\n\r\n영국 공영방송 &#039;BBC&#039;는 &quot;최근 부진에도 스미스 감독에 대한 아스톤 빌라 팬들의 지지는 높았다. 하지만 보드진은 아스톤 빌라가 유럽대항전에 나가길 원한다. 야심과 맞지 않은 성적에 결국 경질이 된 스미스 감독은 절망을 겪을 것이다&quot;고 평했다.', '2021-11-08 (14:54)'),
(111, 'admin', 'kyk0630', '로저스 맨유행에 구두합의…英 매체가 예상한 베스트 11은?', '맨체스터 유나이티드가 감독 교체 카드를 꺼내들까.\r\n\r\n맨체스터 유나이티드는 6일(이하 한국 시간) 영국 맨체스터의 올드 트래퍼드에서 열린 2021-22시즌 잉글랜드 프리미어리그 11라운드 맨체스터 시티와 홈경기에서 0-2로 패배했다. 에릭 바이의 자책골과 베르나르두 실바의 추가골이 나왔다.\r\n\r\n맨유는 지난달 31일 토트넘을 3-0으로 완파하고 4경기 무승(1무 3패)의 부진에서 벗어나는 듯했지만, 맨체스터 시티에 힘없이 무너지고 말았다.\r\n\r\n좋지 않은 분위기 속에 맨유는 올레 군나르 솔샤르 감독을 경질하려고 했으나 더 믿기로 했다. 그러나 상황이 좋지 않다. 토트넘전을 이겼지만 이후 분위기가 다시 가라앉았기 때문이다.\r\n\r\n영국 매체 &#039;익스프레스&#039;는 7일 &quot;레스터시티의 브렌든 로저스 감독이 맨유 감독직에 구두로 합의했다&quot;라고 보도했다.\r\n\r\n로저스 감독은 스완지시티, 리버풀, 셀틱에 이어 2019년부터 레스터시티를 이끌고 있다. 여러 팀에서 우승 트로피를 들어 올리면서 지도력을 입증했다. 레스터시티에서는 2020-21시즌 FA컵 우승으로 이끌었다.\r\n\r\n이 매체는 &quot;맨유는 로저스 감독을 당장 영입하고 싶다. 그러나 로저스 감독은 시즌이 끝난 뒤 맨유 사령탑이 되고 싶어 한다&quot;라고 전했다.\r\n\r\n&#039;익스프레스&#039;는 7일 로저스 감독 체제에서 달라질 선발 라인업을 조명했다. 로저스 감독은 3-4-1-2 포메이션을 선호하는 편이다.\r\n\r\n골키퍼에 다비드 데 헤아가 나서고, 수비 라인에는 해리 매과이어, 빅토르 린델뢰프, 라파엘 바란이 지키게 된다. 이 매체는 &quot;로저스 감독은 3-4-1-2 포메이션을 자주 활용하고 있다. 이 세 명의 선수를 수비 라인에 내세울 수 있다. 모두 재능이 뛰어나다&quot;라고 전했다.\r\n\r\n미드필더에는 지오구 달롯, 프레드, 폴 포그바, 루크 쇼가 나선다. 이 매체는 &quot;로저스 감독은 윙백들과 경기하는 걸 좋아한다. 솔샤르 감독을 대체할 경우 달롯과 쇼가 측면으로 배치될 수 있다. 애런 완-비사카는 최근 몇 주 동안 어려움을 겪고 있다. 스리백 시스템에는 적합하지 않다&quot;라고 분석했다.\r\n\r\n공격진에는 브루노 페르난데스, 크리스티아누 호날두, 마커스 래시포드가 배치되었다. &#039;익스프레스&#039;는 &quot;솔샤르 감독을 대체할 감독이 누구든 페르난데스를 내리지 않을 것이다&quot;라며 &quot;호날두는 나이가 많지만 여전히 선발로 경기에 나서야 한다. 부상에서 돌아온 래시포드는 호날두의 파트너가 될 것이다&quot;라고 언급했다.', '2021-11-08 (14:55)'),
(112, 'admin', 'kyk0630', '베니테즈와 콘테가 만든 졸전…&#039;EPL에서 이례적인 경기&#039; 비난', '토트넘과 에버튼이 맞대결에서 무기력한 경기를 펼친 끝에 승부를 가리지 못했다.\r\n\r\n토트넘은 7일 오후(한국시간) 영국 리버풀 구디슨파크에서 열린 에버튼과의 2021-22시즌 프리미어리그 11라운드에서 득점 없이 0-0으로 비겼다. 양팀은 이날 경기에서 상대 수비 공략에 실패하며 무기력한 경기 끝에 무승부를 기록했다.\r\n\r\n토트넘은 에버튼과의 경기에서 후반 42분 로 셀소의 중거리 슈팅이 골포스트를 때렸지만 전후반 90분 동안 유효슈팅을 단 한차례도 기록하지 못하는 졸전을 펼쳤다. 토트넘의 콘테 감독은 에버튼을 상대로 프리미어리그 복귀전을 치렀지만 토트넘의 득점력 부재를 해소하지 못했다. 토트넘은 프리미어리그에서 3경기 연속 무득점과 함께 3경기 연속 무승의 부진을 이어갔다.\r\n\r\n토트넘은 에버튼을 상대로 케인이 최전방 공격수로 나섰고 손흥민과 모우라가 공격을 이끌었지만 상대 수비를 위협하지 못했다. 선발 출전한 손흥민은 후반 40분 은돔벨레와 교체되며 85분 동안 활약했지만 슈팅을 단 한차례도 기록하지 못했다.\r\n\r\n에버튼 역시 토트넘을 상대로 무기력한 모습을 보였다. 토트넘에게 점유율을 내준 에버튼은 2차례 유효슈팅을 기록했지만 골문을 열지 못했다. 베니테즈 감독이 이끄는 에버튼은 토트넘전 무승부와 함께 최근 5경기 연속 무승의 부진을 이어갔다.\r\n\r\n토트넘의 선수와 감독으로 활약했던 프리미어리그 해설가 팀 셔우드는 경기 후 &quot;토트넘은 득점 기회를 만들지 못했다. 양팀은 오픈플레이 상황에서 골을 넣지 못할 것으로 보였다. 프리미어리그에선 매우 이례적인 경기였다&quot;며 혹평했다. 또한 &quot;케인은 파이널서드에서 볼을 잡으면 무언가를 만들어 낼 수 있는 선수다. 하지만 파이널서드에서 아무것도 하지 못했다&quot;며 공격진의 연계플레이 부족을 지적했다.\r\n\r\n한편 토트넘은 5승1무5패(승점 16점)의 성적으로 리그 9위에 머문 가운데 A매치 기간 이후 오는 22일 리즈 유나이티드를 상대로 2021-22시즌 프리미어리그 12라운드 홈경기를 치른다.', '2021-11-08 (14:56)'),
(113, 'admin', 'kyk0630', '아스널 레전드, “SON 수비 부담 덜어주는 콘테 스리백 전술”', '안토니오 콘테의 잉글리시 프리미어리그(EPL) 복귀전은 무승부로 끝났지만, 희망적인 전망을 봤다.\r\n\r\n토트넘은 지난 7일 오후 11시(한국시간) 영국 구디슨 파크에서 열린 2021/2022시즌 잉글리시 프리미어리그(EPL) 11라운드에서 에버턴과 0-0으로 비기며, 연패를 끊는데 만족했다.\r\n\r\n이날 경기는 콘테 감독의 EPL 복귀전으로 관심을 모았다. 그러나 유효슈팅 하나도 기록하지 못한 채 승점 1점 획득에 그쳤다. 당연히 에이스인 해리 케인과 손흥민도 침묵했다.\r\n\r\n콘테 부임 이후 토트넘에 변화는 전술이다. 기존 포백에서 스리백으로 전환했고, 이는 콘테 감독의 주 전술이기도 하다. 스리백 전환은 손흥민의 활약에도 영향을 줄 가능성이 있었다.\r\n\r\n그러나 아스널 레전드 마틴 키언은 영국 매체 ‘데일리 메일’을 통해 “콘테 감독이 3-5-2를 계속 쓴다면 손흥민과 케인이 수비에 전념할 필요가 없어진다”라며 손흥민에게 긍정적인 요소임을 강조했다.\r\n\r\n토트넘 팬 페이지 ‘스퍼스 웹’도 “두 선수 모두 콘테 감독의 견고한 시스템에 배치됐다. 오히려 이득을 볼 것이다”라고 덧붙였다.', '2021-11-08 (14:56)'),
(114, 'admin', 'kyk0630', '토트넘 승리 공식이 사라졌다...손흥민-케인, 또 최저평점+혹평', '손흥민과 해리 케인이 이번에도 터지지 못했다.\r\n\r\n토트넘 훗스퍼는 7일 오후 11시(한국시간) 영국 리버풀에 위치한 구디슨 파크에서 열린 2021-22시즌 프리미어리그(EPL) 11라운드에서 에버턴과 0-0으로 비겼다. 이번 무승부로 승점 16점이 된 토트넘은 9위에 머물렀다.\r\n\r\n안토니오 콘테 감독의 데뷔전인 비테세와의 경기에서 토트넘이 공격적으로 개선된 모습이 나왔기에 이번 경기에 대한 팬들의 기대감은 높았다. 하지만 토트넘은 에버턴을 그렇게 위협하지 못했다. 전반 22분 에메르송 로얄의 헤더, 전반 45분 세르히오 레길론의 슈팅을 제외하면 에버턴에 끌려갔던 게 사실이다. 후반 막판 지오바니 로 셀소의 슈팅이 골대를 강타한 건 아쉬운 대목이었다.\r\n\r\n팬들의 걱정거리는 손흥민과 케인이 부진했다는 것이다. 에버턴은 토트넘 공격의 많은 비중을 차지하는 손흥민과 케인이 공을 잡으면 적극적으로 수비에 나서서 다른 동료들과의 패스 플레이를 하지 못하도록 만들었다.\r\n\r\n손흥민과 케인에게 좋은 패스가 오지 않았던 것도 있지만 두 선수의 경기력도 썩 좋지 못했다. 지난 시즌 동료들을 향해 적절하게 패스를 넣어주던 케인의 모습은 사라졌고, 손흥민은 단 하나의 슈팅도 시도하지 못한 채 경기를 마무리했다.\r\n\r\n영국 &#039;이브닝 스탠다드&#039;는 손흥민과 케인에게 최저 평점인 5점을 부여했다. 손흥민에 대해선 &quot;계속해서 뛰어다니고, 득점을 위해 고군분투했다. 그가 에버턴 수비 뒤로 침투했을 때 나온 슈팅은 벗어났다&quot;며 혹평했다. 케인한테도 &quot;투박한 경기력이었다. 좋은 위치에서도 여러 번의 잘못된 패스를 넣어줬다. 슈팅 시도는 2번 모두 막혔다. 콘테 감독의 부임도 케인의 경기력을 정상으로 만들지 못했다&quot;며 강하게 비판했다.\r\n\r\n지난 시즌 토트넘의 승리 공식인 손흥민-케인 조합은 이번 시즌은 거의 찾아보기 힘든 상황이다. 이번 시즌 두 선수의 합작골은 지난 뉴캐슬 유나이티드와의 리그 경기에서 나온 1골이 전부다. 손흥민과 케인이 터지지 않는다면 득점을 대신해줄 선수가 없기에 두 선수의 호흡이 빨리 살아나는 게 너무나도 중요하다.', '2021-11-08 (14:57)'),
(115, 'admin', 'kyk0630', '성난 리버풀 팬들 &quot;웨스트햄전 패배는 모두 알리송 탓&quot; 맹비난', '일부 리버풀팬들이 웨스트햄에 충격패를 당한 후 골키퍼 알리송 베커를 맹비난하고 있다.\r\n\r\n리버풀은 8일 오전 1시30분(한국시각) 영국 런던 스타디움에서 열린 2021-22시즌 잉글랜드 프리미어리그(EPL) 11라운드에서 웨스트햄 유나이티드에게 2-3으로 패했다. 리버풀의 이번 시즌 첫 패다. 이날 패배로 리버풀은 6승 4무 1패(승점 22점)를 기록, 4위로 내려앉았다. 반면 웨스트햄은 7승 2무 2패로 승점 23점을 기록, 3위로 올라섰다.\r\n\r\n경기 후 일부 리버풀 팬들은 알리송이 실점한 3골을 언급하며 &#039;최악의 경기력&#039;을 펼쳤다며 성토했다. 리버풀 팬들은 트위터를 통해 &quot;알리송은 경기 내내 마치 잠자고 있었던 것 같다&quot;, &quot;이번 패배는 모두 알리송 탓&quot;, &quot;알리송은 최악이었다&quot; 등의 표현을 했다. \r\n\r\n이날 알리송은 미카일 안토니오에게 강한 압박을 받았다. 특히 코너킥 상황에서 안토니오가 알리송을 맨마킹하는 등 계속 괴롭혔다. 리버풀은 이날 2골을 코너킥 상황에서 허용했다. 그 중 한골은 알리송의 자책골이었다.\r\n\r\nBBC는 이날 알리송에게 평점 3.90점을 줬다. 이는 두 팀 중 중간에 교체 투입된 티아고 알칸다라(리버풀)에 이어 최악의 평점이다.', '2021-11-08 (14:57)'),
(116, 'admin', 'kyk0630', '&quot;그렇게 축구하지 마&quot; 라니에리의 격분, &#039;상도의&#039; 잊은 아스널', '클라우디오 라니에리 왓포드 감독이 제대로 뿔났다.\r\n\r\n왓포드는 7일 영국 런던 에미레이츠스타디움에서 열린 아스널과의 2021~2022시즌 EPL 11라운드에서 0대1로 무릎을 꿇었다. 2연패의 늪에 빠진 왓포드는 승점 10점을 기록, 1부 리그 잔류 마지노선인 17위에 위치했다. 강등권과의 승점 차는 불과 2점이다.\r\n\r\n반면 EPL 8경기 연속 무패(6승2무)를 기록한 아스널은 승점 20점으로 5위로 올라섰다. 아스널의 미켈 아르테타 감독은 100번째 경기를 승리로 이끌며 활짝 웃었다.\r\n\r\n하지만 아스널의 득점 장면이 문제가 됐다. 왓포드는 후반 10분 오자 투판이 거친 태클로 쓰러지자 볼을 아웃시켰다. 하지만 아스널은 스로인 상황에서 소유권을 넘기지 않고 바로 플레이를 전개했다. 이어 왓포드의 이스마일라 사르마저 충돌해 고통을 호소했지만, 플레이는 계속됐고 에밀 스미스 로우의 결승골이 터졌다. 왓포드 주장 무사 시소코가 거칠게 항의했지만 판정은 번복되지 않았다.\r\n\r\n라니에리 감독은 경기 후 영국 BBC에 &quot;우리가 자발적으로 볼을 아웃시켰을 때 모든 사람들이 공을 돌려주길 기대했지만 아스널 선수들은 그런 존경심을 보여주지 않았다&quot;고 울분을 토로했다.\r\n\r\n반면 아르테타 감독은 &quot;라니에리 감독이 그렇게 생각했다면 사과해야 하지만, 우리는 어떤 이득도 취할 의도가 없다고 확신한다&quot;고 밝혔다.\r\n\r\n한편, 스미스 로우는 니콜라스 아넬카, 호세 안토니오 레예스, 세스크 파브레가스에 이어 아스널 21세 이하 선수로는 4번째로 EPL 3경기 연속골을 터트리는 주인공이 됐다.', '2021-11-08 (14:58)'),
(117, 'admin', 'kyk0630', '클롭 감독, 심판 판정에 뿔났다...웨스트햄전 &#039;두 장면&#039;에 문제 제기', '리버풀의 위르겐 클롭 감독이 웨스트햄 유나이티드전을 마친 뒤 심판 판정을 이해할 수 없다며 다소 격한 반응을 보였다.\r\n\r\n리버풀은 8일(한국시간) 영국 런던 스타디움에서 열린 2021-2022 잉글랜드 프리미어리그(EPL) 11라운드 원정 경기에서 웨스트햄 유나이티드에 2-3으로 패했다. 리버풀이 올 시즌 EPL에서 당한 첫 패배다. 승점 22점에 머문 리버풀은 리그 순위가 4위로 하락했다.\r\n\r\n시작부터 불안했다. 전반 4분 알리송 베케르의 자책골로 끌려간 리버풀은 전반 41분 트렌트 알렉산더-아놀드가 동점골을 터뜨려 균형을 맞췄지만, 후반전 두 골을 내리 허용했다. 후반 38분에는 디보크 오리기가 추가골을 기록했지만 승부를 뒤집기엔 역부족이었다.\r\n\r\n클롭 감독은 알리송의 자책골로 기록된 첫 실점 장면과 전반 8분 상대 수비수 애런 크레스웰이 조던 헨더슨에게 깊은 태클을 한 장면을 문제로 삼았다. 두 장면 모두 경기 도중 VAR을 진행했지만, 주심은 문제가 없다고 판단했다.\r\n\r\n클롭 감독은 경기 종료 후 영국 &#039;스카이스포츠&#039;를 통해 &quot;첫 실점 장면은 골키퍼를 향한 파울이었다. 안젤로 아그본나의 팔이 알리송의 팔을 향했는데, 누군가 팔을 잡아당길 때, 골키퍼가 어떻게 공을 막을 수 있겠는가? 팔은 골키퍼에게 중요한 신체 부위다. 알리송이 그 상황에서 무엇을 할 수 있는가? 골키퍼가 보호받아야 하는 이유&quot;라며 분통을 터뜨렸다.\r\n\r\n이어 클롭 감독은 크레스웰이 헨더슨에게 태클한 장면을 언급하면서 &quot;무모한 태클이었다. 공을 터치했더라도 그런 식으로 태클해서는 안 된다. 물론 크레스웰은 공을 터치했다고 말할 수도 있다. 하지만 동작을 제어했어야 했다&quot;며 비신사적인 행동이었다고 지적했다.\r\n\r\n&quot;변명거리를 찾는다고 말할 수도 있다. 하지만 나는 변명거리를 찾으려는 것이 아니다&quot;라고 힘주어 말한 클롭 감독은 &quot;경기에 지는 걸 좋아하진 않지만, 오늘 패배를 받아들인다. 하지만 경기에서 올바른 판정을 해야 하는 심판은 오늘 그러지 않았다&quot;라며 패배는 인정하되, 심판 판정은 받아들일 수 없다고 강조했다.', '2021-11-08 (14:58)'),
(118, 'admin', 'kyk0630', '&quot;맨시티전 패배, 리버풀 상대 대패보다 심각하다&quot;… 로이 킨, 맨유 맹비난', '맨체스터 유나이티드 주장 출신 로이 킨이 친정팀을 강력하게 비판했다.\r\n\r\n맨유는 지난 6일(이하 한국시각) 영국 맨체스터 올드 트래포드에서 열린 맨체스터 시티와의 잉글랜드 프리미어리그(EPL) 11라운드에서 0-2로 패했다. 이로써 맨유는 11경기 5승 2무 4패(승점 17점)를 기록하며 순위가 6위까지 하락했다.\r\n\r\n8일 영국 더선에 따르면 킨이 스카이 스포츠와의 인터뷰를 통해 맨시티전 패배가 최근 리버풀에 당한 0-5 대패보다 더 심각했다고 맹비난했다. 킨은 &quot;올레 군나르 솔샤르 맨유 감독이 내 앞을 지나고 있으면 왜 프레드를 뛰게 하는지 물어볼 것&quot;이라고 지적했다. 또 킨은 맨유 선수들에게서 경기를 이기고 싶은 의지나 열정이 전혀 보이지 않는다고 지적했다.\r\n\r\n특히 킨은 &quot;맨시티는 맨유를 가지고 놀았다&quot;며 &quot;마치 어른들과 아이들의 경기를 보는 것 같았다&quot;고 비난했다. 이어 &quot;스콧 맥토미니와 프레드는 맨유에서 뛰기엔 실력이 너무 부족하다&quot;며 &quot;2년 동안 솔샤르 감독을 응원하며 지지했지만 이젠 정말 책임을 질 때가 됐다&quot;고 강조했다.', '2021-11-08 (14:59)'),
(119, 'admin', 'kyk0630', '반 더 비크, 키에사, 더 리흐트까지...&#039;520조&#039; 뉴캐슬 예상 명단 미쳤다', '뉴캐슬 유나이티드와 수많은 선수들이 연결되고 있다.\r\n\r\n영국 &#039;트랜스퍼마크트&#039;는 8일(한국시간) 최근 나온 이적설을 바탕으로 뉴캐슬의 예상 라인업을 만들었다.\r\n\r\n최전방에는 티모 베르너(첼시)가 자리했다. 베르너는 RB라이프치히 시절 분데스리가를 폭격했고, 첼시로 이적했다. 첼시가 투자한 금액은 5300만 유로(약 725억 원)에 달했다. 베르너는 첼시에서 빠르게 적응하는 것처럼 보였으나 골 결정력 난조라는 극심한 부진에 빠졌다. 점차 첼시에서의 입지를 잃어가는 가운데, 최근 뉴캐슬과 연결되는 중이다.\r\n\r\n2선이 화려했다. 에당 아자르(레알 마드리드), 필리페 쿠티뉴(바르셀로나), 페데리코 키에사(유벤투스)와도 이적설이 존재한다. 아자르와 쿠티뉴는 충분히 영입 가능한 대상이다. 프리미어리그(EPL)에서 엄청난 성공을 거뒀던 두 선수는 각각 레알과 바르셀로나로 넘어가 역사상 최악의 영입으로 꼽히는 중이다.\r\n\r\n레알과 바르사 모두 두 선수를 처분하길 원하기 때문에 조건만 맞출 수 있다면 영입할 수 있다. 다만 키에사는 이야기가 다르다. 유벤투스 핵심 선수이기 때문에 막대한 이적료라고 해도 영입이 쉽지 않을 전망이다.\r\n\r\n중원에는 도니 반 더 비크(맨체스터 유나이티드), 마르첼로 브로조비치(인터밀란)이 선정됐다. 반 더 비크는 맨유로 이적해 거의 뛰지를 못하고 있다. 올레 군나르 솔샤르 감독이 계속해서 지휘봉을 잡게 될 경우에 이적할 것이라는 예상이 많다. 브로조비치는 인터밀란 핵심이다. 인터밀란은 재계약을 시도하고 있지만 브로조비치와 합의하지 못하고 있다. 뉴캐슬이 좋은 조건으로 유혹할 확률을 배제할 수 없다.\r\n\r\n수비진에는 필립 코스티치(프랑크푸르트), 클레망 랑글레(바르셀로나), 마타이스 더 리흐트(유벤투스), 니콜라스 쥘레(바이에른 뮌헨)까지 뽑혔다. 코스티치는 분데스리가에서 잔뼈가 굵은 선수로, 지난 시즌 14개의 도움을 기록할 정도로 실력이 뛰어난 선수다. 랑글레도 쿠티뉴와 마찬가지로 방출 후보로 거론되는 인물이다.\r\n\r\n더 리흐트는 유벤투스 핵심이지만 에이전트가 악명 높은 미노 라이올라다. 이적한다고 해도 빅클럽일 가능성이 높다. 쥘레는 뮌헨과의 재계약이 지연되고 있다. 프리미어리그(EPL) 이적을 원한다는 보도가 계속되고 있다. 골키퍼 포지션에는 잔루이지 돈나룸마에게 점점 밀리고 있는 케일러 나바스(파리생제르맹)와 연결됐다.\r\n\r\n비현실적인 이적생도 있는 게 사실이지만 뉴캐슬 구단주의 추정 자산은 무려 3200억 파운드(약 521조 원)에 달할 정도로 돈이 많다. 돈으로 경쟁을 한다면 뉴캐슬을 꺾을 팀은 전 세계에 없다고 봐도 무방하다.', '2021-11-08 (14:59)'),
(120, 'tmdwn', 'admin', '신호등', '뿕은 쉑 뿌른 쉑 그 사이 3초 그 짧은 시간', '2021-11-08 (14:39)'),
(121, 'tmdwn', 'admin', 'savage', 'Oh my gosh Don&#039;t you know I&#039;m a Savage?', '2021-11-08 (14:40)'),
(122, 'tmdwn', 'admin', 'OHAYO MY NUGHT', '가족이 되주라 내 집이 되주라 나도 날 줄테니 너도 널 주라', '2021-11-08 (14:41)'),
(123, 'tmdwn', 'admin', '낙하 (with 아이유)', '셋하면 뛰어 낙하~ 하~ 핫 둘 셋 숨 딱 참고 낙하~', '2021-11-08 (14:42)'),
(124, 'tmdwn', 'admin', 'butter', 'Smooth like butter, like a criminal undercover', '2021-11-08 (14:43)'),
(125, 'tmdwn', 'admin', '바라만 본다', '너를 바라만 바라만 본다\r\n외쳐 네 이름만 부른다\r\n보고 싶은 맘에\r\n너를 향한 그 발걸음\r\n네 곁을 맴도는데', '2021-11-08 (14:43)'),
(126, 'tmdwn', 'admin', 'Weekend', '떠나볼래 when the weekend comes\r\nI can do whatever I want\r\n바람 따라 흩어진 cloud\r\n더 자유롭게 we can go (hey)', '2021-11-08 (14:44)'),
(127, 'tmdwn', 'admin', '좋아좋아', '이아에로~', '2021-11-08 (14:45)'),
(128, 'tmdwn', 'admin', 'DUMB DUMB', '머리 꼭대기에서 춤춰요 덤덤~~ ', '2021-11-08 (14:46)'),
(129, 'tmdwn', 'admin', '비와 당신', '이젠 괜찮은데 사랑따윈 저버렸는데 \r\n언제까지나 눈물이 날까~', '2021-11-08 (14:46)'),
(130, 'admin', 'tmdwn', 'RE:신호등', '\r\n\r\n-----------------------------------------\r\n&gt; 뿕은 쉑 뿌른 쉑 그 사이 3초 그 짧은 시간 노란색 빛을 내는 저기저 신호등이 내 머릿속을 텅 비워버려 내가 빠른지도 느린지도 모르겠어 그저 눈앞이 샛노랄뿐야', '2021-11-08 (14:48)'),
(131, 'admin', 'tmdwn', 'RE:savage', '\r\n\r\n-----------------------------------------\r\n&gt; Oh my gosh Don&#039;t you know I&#039;m a Savage?\r\n기미기미 노우 기미기미 노우 차차차차', '2021-11-08 (14:48)'),
(132, 'admin', 'tmdwn', 'RE:OHAYO MY NUGHT', '\r\n\r\n-----------------------------------------\r\n&gt; 가족이 되주라 내 집이 되주라 나도 날 줄테니 너도 널 주라\r\n평생의 연인이야 그래 별과 우주 잖아 ', '2021-11-08 (14:49)'),
(133, 'admin', 'tmdwn', 'RE:낙하 (with 아이유)', '\r\n\r\n-----------------------------------------\r\n&gt; 셋하면 뛰어 낙하~ 하~ 핫 둘 셋 숨 딱 참고 낙하~\r\n우우 따라다라따따 따라다라따따 따따따따', '2021-11-08 (14:49)'),
(134, 'admin', 'tmdwn', 'RE:butter', '\r\n\r\n-----------------------------------------\r\n&gt; Smooth like butter, like a criminal undercover\r\n샬라샬라 샤랄샤라라라 뜨르드 쌸라라 꺌라라 뚜우 베이베', '2021-11-08 (14:49)'),
(135, 'admin', 'tmdwn', 'RE:바라만 본다', '\r\n\r\n-----------------------------------------\r\n&gt; 너를 바라만 바라만 본다\r\n', '2021-11-08 (14:50)'),
(136, 'admin', 'tmdwn', 'RE:Weekend', '\r\n\r\n-----------------------------------------\r\n&gt; 떠나볼래 when the weekend comes\r\n&gt;I can do whatever I want\r\n', '2021-11-08 (14:50)'),
(137, 'admin', 'tmdwn', 'RE:좋아좋아', '\r\n\r\n-----------------------------------------\r\n&gt; 이아에로~ 니가 좋아 너무 좋아 내 모든걸 주고 싶어 너에게만은 내 모습 더 꾸미고 싶지않아 언제까지', '2021-11-08 (14:51)'),
(138, 'admin', 'tmdwn', 'RE:DUMB DUMB', '\r\n\r\n-----------------------------------------\r\n&gt; 머리 꼭대기에서 춤춰요 덤덤~~ 뚠뚜루루 뚠뚜루루 뚜룻 뚜뚜 뚜루 뚜루루 ', '2021-11-08 (14:51)'),
(139, 'admin', 'tmdwn', 'RE:비와 당신', '\r\n\r\n-----------------------------------------\r\n&gt; 이젠 괜찮은데 사랑따윈 저버렸는데 \r\n&gt;언제까지나 눈물이 날까~\r\n이젠 당신이 그립지 않죠 보고 싶은 마음도 없죠 오호우 워오오', '2021-11-08 (14:52)');

--
-- 덤프된 테이블의 인덱스
--

--
-- 테이블의 인덱스 `board`
--
ALTER TABLE `board`
  ADD PRIMARY KEY (`num`);

--
-- 테이블의 인덱스 `members`
--
ALTER TABLE `members`
  ADD PRIMARY KEY (`num`);

--
-- 테이블의 인덱스 `message`
--
ALTER TABLE `message`
  ADD PRIMARY KEY (`num`);

--
-- 덤프된 테이블의 AUTO_INCREMENT
--

--
-- 테이블의 AUTO_INCREMENT `board`
--
ALTER TABLE `board`
  MODIFY `num` int(11) NOT NULL AUTO_INCREMENT, AUTO_INCREMENT=109;

--
-- 테이블의 AUTO_INCREMENT `members`
--
ALTER TABLE `members`
  MODIFY `num` int(11) NOT NULL AUTO_INCREMENT, AUTO_INCREMENT=22;

--
-- 테이블의 AUTO_INCREMENT `message`
--
ALTER TABLE `message`
  MODIFY `num` int(11) NOT NULL AUTO_INCREMENT, AUTO_INCREMENT=140;
COMMIT;

/*!40101 SET CHARACTER_SET_CLIENT=@OLD_CHARACTER_SET_CLIENT */;
/*!40101 SET CHARACTER_SET_RESULTS=@OLD_CHARACTER_SET_RESULTS */;
/*!40101 SET COLLATION_CONNECTION=@OLD_COLLATION_CONNECTION */;
